3,17,50
3,18,53
3,19,56
3,20,59
3,21,62
3,22,65
3,23,68
3,24,71
3,25,74
3,26,77
3,27,80
3,28,83
3,29,86
3,30,89
3,31,92
3,32,95
3,33,97
3,34,100
3,35,103
3,36,106
3,37,109
3,38,112
3,39,115
3,40,118
3,41,121
3,42,124
3,43,127
3,44,130
3,45,133
3,46,136
3,47,139
3,48,142
3,49,144
3,50,147
3,51,150
3,52,153
3,53,156
3,54,159
3,55,162
3,56,165
3,57,168
3,58,171
3,59,174
3,60,177
3,61,180
3,62,183
3,63,186
3,64,189
3,65,192
3,66,194
3,67,197
3,68,200
3,69,203
3,70,206
3,71,209
3,72,212
3,73,215
3,74,218
3,75,221
3,76,224
3,77,227
3,78,230
3,79,233
3,80,236
3,81,239
3,82,241
3,83,244
3,84,247
3,85,250
3,86,253
3,87,256
3,88,259
3,89,262
3,90,265
3,91,268
3,92,271
3,93,274
3,94,277
3,95,280
3,96,283
3,97,286
3,98,288
3,99,291
3,100,294
3,101,297
3,102,300
3,103,303
3,104,306
3,105,309
3,106,312
3,107,315
3,108,318
3,109,321
3,110,324
3,111,327
3,112,330
3,113,333
3,114,336
3,115,339
3,116,342
3,117,344
3,118,347
3,119,350
3,120,353
3,121,356
3,122,359
3,123,362
3,124,365
3,125,368
3,126,371
3,127,374
3,128,377
3,129,380
3,130,383
3,131,386
3,132,389
3,133,392
3,134,394
3,135,397
3,136,400
3,137,403
3,138,406
3,139,408
3,140,411
3,141,414
3,142,417
3,143,420
3,144,423
3,145,426
3,146,429
3,147,432
3,148,435
3,149,438
3,150,440
3,151,443
3,152,446
3,153,449
3,154,452
3,155,455
3,156,458
3,157,461
3,158,464
3,159,467
3,160,470
3,161,473
3,162,476
3,163,479
3,164,481
3,165,484
3,166,487
3,167,490
3,168,493
3,169,496
3,170,499
3,171,502
3,172,505
3,173,508
3,174,511
3,175,514
3,176,517
3,177,520
3,178,523
3,179,526
3,180,529
3,181,531
3,182,534
3,183,537
3,184,540
3,185,543
3,186,546
3,187,549
3,188,552
3,189,555
3,190,558
3,191,561
3,192,564
3,193,567
3,194,570
3,195,573
3,196,576
3,197,579
3,198,582
3,199,585
3,200,587
3,201,590
3,202,593
3,203,596
3,204,599
3,205,602
3,206,605
3,207,608
3,208,611
3,209,614
3,210,617
3,211,620
3,212,621
3,213,624
3,214,627
3,215,630
3,216,633
3,217,636
3,218,639
3,219,642
3,220,645
3,221,648
3,222,651
3,223,654
3,224,657
3,225,660
3,226,663
3,227,666
3,228,669
3,229,672
3,230,675
3,231,678
3,232,681
3,233,684
3,234,687
3,235,690
3,236,693
3,237,696
3,238,699
3,239,702
3,240,704
3,241,706
3,242,709
3,243,712
3,244,715
3,245,718
3,246,721
3,247,724
3,248,727
3,249,730
3,250,733
3,251,736
3,252,739
3,253,742
3,254,745
3,255,748
3,256,751
3,257,753
3,258,755
3,259,758
3,260,761
3,261,764
3,262,767
3,263,770
3,264,773
3,265,776
3,266,779
3,267,782
3,268,785
3,269,788
3,270,791
3,271,794
3,272,797
3,273,800
3,274,803
3,275,806
3,276,809
3,277,811
3,278,813
3,279,816
3,280,819
3,281,822
3,282,825
3,283,828
3,284,831
3,285,834
3,286,837
3,287,840
3,288,843
3,289,846
3,290,849
3,291,852
3,292,855
3,293,858
3,294,861
3,295,864
3,296,867
3,297,870
3,298,873
3,299,876
3,300,878
3,301,880
3,302,883
3,303,886
3,304,889
3,305,892
3,306,895
3,307,898
3,308,901
3,309,904
3,310,907
3,311,910
3,312,913
3,313,916
3,314,919
3,315,922
3,316,925
3,317,928
3,318,931
3,319,934
3,320,937
3,321,940
3,322,943
3,323,946
3,324,949
3,325,952
3,326,955
3,327,957
3,328,959
3,329,962
3,330,965
3,331,968
3,332,971
3,333,974
3,334,977
3,335,980
3,336,983
3,337,986
3,338,989
3,339,992
3,340,995
3,341,998
3,342,1001
3,343,1004
3,344,1007
3,345,1010
3,346,1013
3,347,1016
3,348,1019
3,349,1022
3,350,1025
3,351,1028
3,352,1031
3,353,1034
3,354,1037
3,355,1040
3,356,1043
3,357,1046
3,358,1049
3,359,1052
3,360,1055
3,361,1055
3,362,1058
3,363,1061
3,364,1064
3,365,1067
3,366,1070
3,367,1073
3,368,1076
3,369,1079
3,370,1082
3,371,1085
3,372,1088
3,373,1091
3,374,1094
3,375,1097
3,376,1100
3,377,1103
3,378,1106
3,379,1109
3,380,1112
3,381,1115
3,382,1118
3,383,1121
3,384,1124
3,385,1127
3,386,1130
3,387,1133
3,388,1136
3,389,1139
3,390,1142
3,391,1145
3,392,1148
3,393,1151
3,394,1154
3,395,1157
3,396,1160
3,397,1163
3,398,1166
3,399,1168
3,400,1170
3,401,1173
3,402,1176
3,403,1179
3,404,1182
3,405,1185
3,406,1188
3,407,1191
3,408,1194
3,409,1197
3,410,1200
3,411,1203
3,412,1206
3,413,1209
3,414,1212
3,415,1215
3,416,1218
3,417,1221
3,418,1224
3,419,1227
3,420,1230
3,421,1233
3,422,1236
3,423,1239
3,424,1242
3,425,1245
3,426,1248
3,427,1251
3,428,1254
3,429,1257
3,430,1260
3,431,1263
3,432,1266
3,433,1269
3,434,1272
3,435,1275
3,436,1278
3,437,1281
3,438,1284
3,439,1287
3,440,1290
3,441,1293
3,442,1296
3,443,1299
3,444,1302
3,445,1305
3,446,1308
3,447,1311
3,448,1313
3,449,1315
3,450,1316
3,451,1318
3,452,1321
3,453,1324
3,454,1327
3,455,1330
3,456,1333
3,457,1336
3,458,1339
3,459,1342
3,460,1345
3,461,1348
3,462,1351
3,463,1354
3,464,1357
3,465,1360
3,466,1363
3,467,1366
3,468,1369
3,469,1372
3,470,1375
3,471,1378
3,472,1381
3,473,1384
3,474,1387
3,475,1390
3,476,1393
3,477,1396
3,478,1399
3,479,1402
3,480,1405
3,481,1408
3,482,1411
3,483,1414
3,484,1417
3,485,1420
3,486,1423
3,487,1426
3,488,1429
3,489,1432
3,490,1435
3,491,1438
3,492,1441
3,493,1444
3,494,1447
3,495,1450
3,496,1453
3,497,1456
3,498,1459
3,499,1462
3,500,1465
3,501,1468
3,502,1471
3,503,1474
3,504,1477
3,505,1480
3,506,1483
3,507,1486
3,508,1489
3,509,1492
3,510,1495
3,511,1497
3,512,1499
4,6,23
4,7,27
4,8,31
4,9,35
4,10,39
4,11,42
4,12,46
4,13,50
4,14,54
4,15,58
4,16,62
4,17,65
4,18,69
4,19,73
4,20,77
4,21,81
4,22,84
4,23,87
4,24,91
4,25,95
4,26,98
4,27,102
4,28,104
4,29,109
4,30,113
4,31,117
4,32,121
4,33,123
4,34,127
4,35,131
4,36,136
4,37,139
4,38,142
4,39,145
4,40,150
4,41,153
4,42,157
4,43,161
4,44,164
4,45,169
4,46,171
4,47,176
4,48,179
4,49,182
4,50,185
4,51,189
4,52,192
4,53,196
4,54,200
4,55,204
4,56,207
4,57,212
4,58,216
4,59,218
4,60,221
4,61,225
4,62,228
4,63,234
4,64,238
4,65,240
4,66,243
4,67,247
4,68,251
4,69,255
4,70,260
4,71,261
4,72,266
4,73,269
4,74,273
4,75,277
4,76,281
4,77,283
4,78,287
4,79,291
4,80,295
4,81,299
4,82,301
4,83,304
4,84,307
4,85,311
4,86,316
4,87,320
4,88,323
4,89,326
4,90,333
4,91,334
4,92,337
4,93,340
4,94,344
4,95,348
4,96,352
4,97,357
4,98,357
4,99,361
4,100,364
4,101,368
4,102,372
4,103,375
4,104,378
4,105,382
4,106,386
4,107,390
4,108,394
4,109,399
4,110,399
4,111,403
4,112,407
4,113,412
4,114,416
4,115,420
4,116,422
4,117,426
4,118,430
4,119,434
4,120,438
4,121,438
4,122,442
4,123,446
4,124,448
4,125,453
4,126,457
4,127,461
4,128,465
4,129,467
4,130,472
4,131,476
4,132,480
4,133,482
4,134,486
4,135,490
4,136,494
4,137,498
4,138,500
4,139,503
4,140,507
4,141,511
4,142,515
4,143,519
4,144,527
4,145,524
4,146,528
4,147,532
4,148,536
4,149,539
4,150,541
4,151,545
4,152,548
4,153,552
4,154,556
4,155,560
4,156,563
4,157,567
4,158,570
4,159,574
4,160,578
4,161,582
4,162,586
4,163,589
4,164,591
4,165,594
4,166,598
4,167,602
4,168,606
4,169,610
4,170,614
4,171,617
4,172,618
4,173,622
4,174,626
4,175,630
4,176,634
4,177,638
4,178,642
4,179,646
4,180,651
4,181,650
4,182,654
4,183,658
4,184,662
4,185,666
4,186,670
4,187,674
4,188,677
4,189,680
4,190,681
4,191,685
4,192,689
4,193,693
4,194,697
4,195,701
4,196,705
4,197,709
4,198,713
4,199,716
4,200,716
4,201,720
4,202,724
4,203,727
4,204,731
4,205,735
4,206,739
4,207,743
4,208,747
4,209,751
4,210,754
4,211,756
4,212,758
4,213,762
4,214,765
4,215,769
4,216,773
4,217,777
4,218,781
4,219,785
4,220,789
4,221,793
4,222,797
4,223,802
4,224,807
4,225,807
4,226,809
4,227,813
4,228,816
4,229,820
4,230,824
4,231,828
4,232,832
4,233,836
4,234,840
4,235,844
4,236,848
4,237,851
4,238,853
4,239,855
4,240,858
4,241,859
4,242,863
4,243,866
4,244,869
4,245,873
4,246,877
4,247,881
4,248,885
4,249,889
4,250,893
4,251,897
4,252,901
4,253,905
4,254,909
4,255,912
4,256,914
4,257,916
4,258,921
4,259,925
4,260,929
4,261,932
4,262,936
4,263,940
4,264,944
4,265,948
4,266,952
4,267,956
4,268,960
4,269,964
4,270,968
4,271,972
4,272,976
4,273,980
4,274,982
4,275,984
4,276,987
4,277,987
4,278,991
4,279,995
4,280,999
4,281,1002
4,282,1006
4,283,1010
4,284,1014
4,285,1018
4,286,1022
4,287,1026
4,288,1030
4,289,1034
4,290,1038
4,291,1042
4,292,1046
4,293,1050
4,294,1054
4,295,1058
4,296,1061
4,297,1064
4,298,1065
4,299,1068
4,300,1069
4,301,1073
4,302,1077
4,303,1081
4,304,1084
4,305,1087
4,306,1091
4,307,1095
4,308,1099
4,309,1103
4,310,1107
4,311,1111
4,312,1115
4,313,1119
4,314,1123
4,315,1127
4,316,1131
4,317,1135
4,318,1139
4,319,1143
4,320,1147
4,321,1151
4,322,1154
4,323,1156
4,324,1158
4,325,1161
4,326,1164
4,327,1164
4,328,1167
4,329,1171
4,330,1175
4,331,1179
4,332,1183
4,333,1186
4,334,1190
4,335,1194
4,336,1198
4,337,1202
4,338,1206
4,339,1210
4,340,1214
4,341,1218
4,342,1222
4,343,1226
4,344,1230
4,345,1234
4,346,1238
4,347,1242
4,348,1246
4,349,1250
4,350,1254
4,351,1258
4,352,1262
4,353,1266
4,354,1269
4,355,1272
4,356,1275
4,357,1278
4,358,1282
4,359,1285
4,360,1288
4,361,1280
4,362,1284
4,363,1288
4,364,1292
4,365,1296
4,366,1300
4,367,1303
4,368,1307
4,369,1311
4,370,1315
4,371,1319
4,372,1323
4,373,1327
4,374,1331
4,375,1335
4,376,1339
4,377,1343
4,378,1347
4,379,1351
4,380,1355
4,381,1359
4,382,1363
4,383,1367
4,384,1371
4,385,1375
4,386,1379
4,387,1383
4,388,1387
4,389,1391
4,390,1395
4,391,1399
4,392,1402
4,393,1405
4,394,1408
4,395,1410
4,396,1412
4,397,1414
4,398,1416
4,399,1418
4,400,1419
4,401,1423
4,402,1427
4,403,1431
4,404,1435
4,405,1439
4,406,1443
4,407,1447
4,408,1450
4,409,1453
4,410,1457
4,411,1461
4,412,1465
4,413,1469
4,414,1473
4,415,1477
4,416,1481
4,417,1485
4,418,1489
4,419,1493
4,420,1497
5,6,29
5,7,34
5,8,39
5,9,44
5,10,49
5,11,53
5,12,58
5,13,61
5,14,66
5,15,71
5,16,74
5,17,79
5,18,84
5,19,89
5,20,94
5,21,97
5,22,102
5,23,107
5,24,111
5,25,115
5,26,118
5,27,123
5,28,128
5,29,133
5,30,137
5,31,141
5,32,145
5,33,151
5,34,156
5,35,160
5,36,165
5,37,168
5,38,173
5,39,177
5,40,182
5,41,186
5,42,190
5,43,194
5,44,200
5,45,206
5,46,210
5,47,214
5,48,217
5,49,222
5,50,226
5,51,230
5,52,234
5,53,238
5,54,244
5,55,250
5,56,253
5,57,258
5,58,262
5,59,267
5,60,271
5,61,275
5,62,280
5,63,283
5,64,289
5,65,292
5,66,297
5,67,303
5,68,308
5,69,312
5,70,316
5,71,319
5,72,325
5,73,330
5,74,332
5,75,337
5,76,341
5,77,347
5,78,351
5,79,355
5,80,360
5,81,364
5,82,368
5,83,373
5,84,377
5,85,382
5,86,385
5,87,390
5,88,395
5,89,399
5,90,405
5,91,407
5,92,412
5,93,416
5,94,421
5,95,426
5,96,431
5,97,435
5,98,438
5,99,443
5,100,446
5,101,450
5,102,455
5,103,459
5,104,463
5,105,468
5,106,473
5,107,478
5,108,483
5,109,489
5,110,491
5,111,496
5,112,501
5,113,503
5,114,507
5,115,512
5,116,516
5,117,521
5,118,526
5,119,531
5,120,536
5,121,537
5,122,542
5,123,547
5,124,552
5,125,555
5,126,560
5,127,565
5,128,569
5,129,573
5,130,577
5,131,582
5,132,587
5,133,591
5,134,596
5,135,600
5,136,605
5,137,610
5,138,614
5,139,617
5,140,621
5,141,626
5,142,631
5,143,636
5,144,645
5,145,642
5,146,647
5,147,652
5,148,657
5,149,661
5,150,662
5,151,667
5,152,672
5,153,677
5,154,682
5,155,687
5,156,691
5,157,695
5,158,699
5,159,704
5,160,709
5,161,714
5,162,719
5,163,723
5,164,726
5,165,730
5,166,735
5,167,740
5,168,745
5,169,750
5,170,755
5,171,757
5,172,758
5,173,762
5,174,767
5,175,772
5,176,777
5,177,782
5,178,787
5,179,790
5,180,796
5,181,797
5,182,801
5,183,806
5,184,811
5,185,816
5,186,821
5,187,826
5,188,831
5,189,834
5,190,839
5,191,844
5,192,848
5,193,853
5,194,858
5,195,863
5,196,868
5,197,873
5,198,878
5,199,880
5,200,880
5,201,887
5,202,891
5,203,895
5,204,900
5,205,905
5,206,910
5,207,915
5,208,920
5,209,925
5,210,929
5,211,932
5,212,934
5,213,939
5,214,943
5,215,948
5,216,953
5,217,958
5,218,963
5,219,968
5,220,973
5,221,978
5,222,983
5,223,987
5,224,990
5,225,990
5,226,995
5,227,999
5,228,1003
5,229,1008
5,230,1013
5,231,1018
5,232,1023
5,233,1028
5,234,1033
5,235,1038
5,236,1043
5,237,1047
5,238,1050
5,239,1053
5,240,1056
5,241,1056
5,242,1061
5,243,1065
5,244,1070
5,245,1075
5,246,1080
5,247,1085
5,248,1090
5,249,1095
5,250,1100
5,251,1105
5,252,1110
5,253,1115
5,254,1120
5,255,1123
5,256,1126
5,257,1128
5,258,1132
5,259,1136
5,260,1140
5,261,1144
5,262,1149
5,263,1154
5,264,1159
5,265,1164
5,266,1169
5,267,1174
5,268,1179
5,269,1184
5,270,1189
5,271,1194
5,272,1199
5,273,1204
5,274,1207
5,275,1210
5,276,1214
5,277,1214
5,278,1219
5,279,1224
5,280,1228
5,281,1232
5,282,1236
5,283,1241
5,284,1246
5,285,1251
5,286,1256
5,287,1261
5,288,1266
5,289,1271
5,290,1276
5,291,1281
5,292,1286
5,293,1291
5,294,1296
5,295,1301
5,296,1305
5,297,1307
5,298,1309
5,299,1312
5,300,1313
5,301,1319
5,302,1324
5,303,1327
5,304,1331
5,305,1335
5,306,1339
5,307,1344
5,308,1349
5,309,1354
5,310,1359
5,311,1364
5,312,1369
5,313,1374
5,314,1379
5,315,1384
5,316,1389
5,317,1394
5,318,1399
5,319,1404
5,320,1409
5,321,1414
5,322,1418
5,323,1422
5,324,1425
5,325,1429
5,326,1432
5,327,1432
5,328,1437
5,329,1442
5,330,1447
5,331,1451
5,332,1455
5,333,1459
5,334,1463
5,335,1468
5,336,1473
5,337,1478
5,338,1483
5,339,1488
5,340,1493
5,341,1498
6,6,35
6,7,41
6,8,46
6,9,52
6,10,58
6,11,63
6,12,68
6,13,73
6,14,79
6,15,84
6,16,89
6,17,94
6,18,100
6,19,105
6,20,111
6,21,116
6,22,121
6,23,126
6,24,131
6,25,137
6,26,139
6,27,147
6,28,153
6,29,159
6,30,163
6,31,168
6,32,174
6,33,178
6,34,182
6,35,189
6,36,196
6,37,202
6,38,207
6,39,211
6,40,217
6,41,220
6,42,226
6,43,232
6,44,239
6,45,245
6,46,249
6,47,254
6,48,257
6,49,262
6,50,268
6,51,272
6,52,276
6,53,282
6,54,289
6,55,295
6,56,298
6,57,303
6,58,308
6,59,315
6,60,319
6,61,324
6,62,330
6,63,337
6,64,343
6,65,345
6,66,349
6,67,355
6,68,361
6,69,368
6,70,374
6,71,376
6,72,383
6,73,390
6,74,392
6,75,398
6,76,403
6,77,410
6,78,414
6,79,420
6,80,426
6,81,430
6,82,433
6,83,439
6,84,444
6,85,449
6,86,453
6,87,460
6,88,466
6,89,471
6,90,478
6,91,480
6,92,486
6,93,491
6,94,497
6,95,503
6,96,508
6,97,513
6,98,516
6,99,522
6,100,527
6,101,529
6,102,535
6,103,540
6,104,546
6,105,552
6,106,558
6,107,562
6,108,568
6,109,575
6,110,578
6,111,584
6,112,590
6,113,593
6,114,597
6,115,603
6,116,608
6,117,613
6,118,618
6,119,624
6,120,630
6,121,631
6,122,637
6,123,643
6,124,649
6,125,653
6,126,659
6,127,665
6,128,670
6,129,674
6,130,680
6,131,686
6,132,692
6,133,697
6,134,700
6,135,705
6,136,711
6,137,717
6,138,722
6,139,726
6,140,730
6,141,736
6,142,742
6,143,748
6,144,758
6,145,757
6,146,761
6,147,767
6,148,773
6,149,778
6,150,781
6,151,783
6,152,789
6,153,795
6,154,801
6,155,807
6,156,812
6,157,818
6,158,822
6,159,828
6,160,834
6,161,840
6,162,846
6,163,851
6,164,853
6,165,857
6,166,862
6,167,868
6,168,874
6,169,880
6,170,886
6,171,890
6,172,893
6,173,898
6,174,903
6,175,909
6,176,915
6,177,921
6,178,927
6,179,932
6,180,939
6,181,938
6,182,942
6,183,949
6,184,955
6,185,961
6,186,967
6,187,973
6,188,979
6,189,983
6,190,988
6,191,993
6,192,997
6,193,1003
6,194,1009
6,195,1015
6,196,1021
6,197,1027
6,198,1033
6,199,1037
6,200,1038
6,201,1044
6,202,1048
6,203,1052
6,204,1058
6,205,1064
6,206,1070
6,207,1076
6,208,1082
6,209,1088
6,210,1093
6,211,1097
6,212,1100
6,213,1105
6,214,1109
6,215,1114
6,216,1119
6,217,1125
6,218,1131
6,219,1137
6,220,1143
6,221,1149
6,222,1155
6,223,1160
6,224,1165
6,225,1167
6,226,1170
6,227,1175
6,228,1179
6,229,1183
6,230,1189
6,231,1195
6,232,1201
6,233,1207
6,234,1213
6,235,1219
6,236,1225
6,237,1230
6,238,1235
6,239,1239
6,240,1243
6,241,1246
6,242,1251
6,243,1254
6,244,1259
6,245,1264
6,246,1270
6,247,1276
6,248,1282
6,249,1288
6,250,1294
6,251,1300
6,252,1306
6,253,1312
6,254,1318
6,255,1322
6,256,1326
6,257,1329
6,258,1332
6,259,1337
6,260,1342
6,261,1347
6,262,1352
6,263,1357
6,264,1363
6,265,1369
6,266,1375
6,267,1381
6,268,1387
6,269,1393
6,270,1399
6,271,1405
6,272,1411
6,273,1417
6,274,1421
6,275,1425
6,276,1430
6,277,1431
6,278,1433
6,279,1438
6,280,1443
6,281,1447
6,282,1452
6,283,1457
6,284,1463
6,285,1469
6,286,1475
6,287,1481
6,288,1487
6,289,1493
6,290,1499
7,6,41
7,7,47
7,8,53
7,9,59
7,10,66
7,11,71
7,12,78
7,13,83
7,14,90
7,15,96
7,16,102
7,17,109
7,18,113
7,19,119
7,20,127
7,21,132
7,22,136
7,23,143
7,24,147
7,25,155
7,26,157
7,27,165
7,28,172
7,29,178
7,30,183
7,31,189
7,32,194
7,33,201
7,34,207
7,35,212
7,36,218
7,37,225
7,38,231
7,39,237
7,40,241
7,41,247
7,42,254
7,43,259
7,44,265
7,45,272
7,46,278
7,47,283
7,48,285
7,49,293
7,50,301
7,51,304
7,52,310
7,53,316
7,54,321
7,55,328
7,56,334
7,57,339
7,58,344
7,59,352
7,60,358
7,61,365
7,62,370
7,63,375
7,64,383
7,65,386
7,66,391
7,67,399
7,68,406
7,69,413
7,70,418
7,71,422
7,72,428
7,73,433
7,74,437
7,75,445
7,76,450
7,77,458
7,78,464
7,79,466
7,80,473
7,81,479
7,82,485
7,83,489
7,84,496
7,85,503
7,86,506
7,87,512
7,88,519
7,89,525
7,90,531
7,91,535
7,92,542
7,93,547
7,94,554
7,95,559
7,96,563
7,97,569
7,98,574
7,99,581
7,100,588
7,101,591
7,102,598
7,103,601
7,104,608
7,105,615
7,106,622
7,107,624
7,108,631
7,109,638
7,110,645
7,111,652
7,112,659
7,113,659
7,114,665
7,115,672
7,116,676
7,117,682
7,118,689
7,119,696
7,120,702
7,121,703
7,122,710
7,123,717
7,124,724
7,125,729
7,126,736
7,127,743
7,128,749
7,129,749
7,130,755
7,131,762
7,132,769
7,133,775
7,134,779
7,135,787
7,136,794
7,137,801
7,138,807
7,139,808
7,140,813
7,141,819
7,142,826
7,143,833
7,144,843
7,145,841
7,146,846
7,147,853
7,148,860
7,149,866
7,150,869
7,151,876
7,152,882
7,153,889
7,154,896
7,155,903
7,156,908
7,157,912
7,158,916
7,159,922
7,160,929
7,161,936
7,162,943
7,163,948
7,164,952
7,165,956
7,166,961
7,167,968
7,168,975
7,169,982
7,170,989
7,171,993
7,172,993
7,173,997
7,174,1002
7,175,1009
7,176,1016
7,177,1023
7,178,1030
7,179,1035
7,180,1042
7,181,1045
7,182,1047
7,183,1053
7,184,1060
7,185,1067
7,186,1074
7,187,1081
7,188,1088
7,189,1092
7,190,1099
7,191,1104
7,192,1107
7,193,1114
7,194,1121
7,195,1128
7,196,1135
7,197,1142
7,198,1149
7,199,1153
7,200,1154
7,201,1161
7,202,1166
7,203,1171
7,204,1178
7,205,1185
7,206,1192
7,207,1199
7,208,1206
7,209,1213
7,210,1219
7,211,1222
7,212,1225
7,213,1230
7,214,1236
7,215,1241
7,216,1247
7,217,1254
7,218,1261
7,219,1268
7,220,1275
7,221,1282
7,222,1289
7,223,1295
7,224,1299
7,225,1299
7,226,1301
7,227,1306
7,228,1311
7,229,1316
7,230,1323
7,231,1330
7,232,1337
7,233,1344
7,234,1351
7,235,1358
7,236,1365
7,237,1371
7,238,1376
7,239,1380
7,240,1384
7,241,1384
7,242,1389
7,243,1394
7,244,1399
7,245,1405
7,246,1412
7,247,1419
7,248,1426
7,249,1433
7,250,1440
7,251,1447
7,252,1454
7,253,1461
7,254,1468
7,255,1473
7,256,1476
7,257,1479
7,258,1481
7,259,1486
7,260,1493
7,261,1499
8,6,46
8,7,52
8,8,60
8,9,67
8,10,75
8,11,80
8,12,87
8,13,93
8,14,99
8,15,106
8,16,113
8,17,120
8,18,126
8,19,133
8,20,140
8,21,147
8,22,152
8,23,157
8,24,166
8,25,172
8,26,176
8,27,183
8,28,189
8,29,197
8,30,204
8,31,210
8,32,216
8,33,222
8,34,230
8,35,234
8,36,242
8,37,247
8,38,255
8,39,260
8,40,268
8,41,274
8,42,281
8,43,287
8,44,293
8,45,302
8,46,305
8,47,313
8,48,319
8,49,323
8,50,330
8,51,338
8,52,344
8,53,350
8,54,356
8,55,365
8,56,369
8,57,376
8,58,382
8,59,389
8,60,394
8,61,400
8,62,407
8,63,415
8,64,423
8,65,427
8,66,430
8,67,437
8,68,447
8,69,455
8,70,461
8,71,464
8,72,473
8,73,478
8,74,482
8,75,490
8,76,498
8,77,502
8,78,509
8,79,516
8,80,524
8,81,528
8,82,534
8,83,539
8,84,545
8,85,554
8,86,561
8,87,566
8,88,573
8,89,582
8,90,591
8,91,590
8,92,597
8,93,603
8,94,610
8,95,617
8,96,624
8,97,632
8,98,635
8,99,644
8,100,649
8,101,652
8,102,659
8,103,664
8,104,669
8,105,677
8,106,684
8,107,690
8,108,698
8,109,705
8,110,709
8,111,717
8,112,725
8,113,732
8,114,736
8,115,744
8,116,748
8,117,754
8,118,761
8,119,769
8,120,776
8,121,777
8,122,784
8,123,792
8,124,797
8,125,802
8,126,809
8,127,817
8,128,824
8,129,828
8,130,834
8,131,842
8,132,850
8,133,855
8,134,860
8,135,866
8,136,874
8,137,882
8,138,887
8,139,892
8,140,898
8,141,906
8,142,914
8,143,922
8,144,932
8,145,930
8,146,936
8,147,944
8,148,952
8,149,958
8,150,960
8,151,964
8,152,969
8,153,977
8,154,985
8,155,993
8,156,1000
8,157,1004
8,158,1008
8,159,1014
8,160,1022
8,161,1030
8,162,1038
8,163,1044
8,164,1047
8,165,1052
8,166,1058
8,167,1066
8,168,1074
8,169,1082
8,170,1090
8,171,1095
8,172,1098
8,173,1104
8,174,1110
8,175,1117
8,176,1125
8,177,1133
8,178,1141
8,179,1148
8,180,1154
8,181,1154
8,182,1160
8,183,1167
8,184,1174
8,185,1182
8,186,1190
8,187,1198
8,188,1205
8,189,1209
8,190,1213
8,191,1219
8,192,1224
8,193,1231
8,194,1238
8,195,1246
8,196,1254
8,197,1262
8,198,1270
8,199,1274
8,200,1273
8,201,1279
8,202,1285
8,203,1289
8,204,1297
8,205,1304
8,206,1312
8,207,1320
8,208,1328
8,209,1336
8,210,1342
8,211,1347
8,212,1348
8,213,1354
8,214,1358
8,215,1364
8,216,1371
8,217,1379
8,218,1387
8,219,1395
8,220,1403
8,221,1411
8,222,1419
8,223,1427
8,224,1433
8,225,1433
8,226,1435
8,227,1441
8,228,1445
8,229,1451
8,230,1459
8,231,1466
8,232,1474
8,233,1482
8,234,1490
8,235,1498
9,3,26
9,4,35
9,5,41
9,6,47
9,7,56
9,8,65
9,9,70
9,10,78
9,11,86
9,12,93
9,13,100
9,14,107
9,15,115
9,16,123
9,17,127
9,18,135
9,19,143
9,20,150
9,21,158
9,22,163
9,23,170
9,24,178
9,25,185
9,26,190
9,27,199
9,28,206
9,29,213
9,30,221
9,31,227
9,32,233
9,33,239
9,34,246
9,35,253
9,36,264
9,37,269
9,38,276
9,39,283
9,40,290
9,41,297
9,42,304
9,43,309
9,44,318
9,45,327
9,46,332
9,47,341
9,48,346
9,49,352
9,50,360
9,51,364
9,52,371
9,53,380
9,54,386
9,55,395
9,56,399
9,57,408
9,58,414
9,59,422
9,60,428
9,61,434
9,62,442
9,63,451
9,64,458
9,65,462
9,66,468
9,67,477
9,68,484
9,69,493
9,70,498
9,71,503
9,72,513
9,73,520
9,74,525
9,75,533
9,76,541
9,77,547
9,78,555
9,79,561
9,80,568
9,81,575
9,82,581
9,83,590
9,84,595
9,85,600
9,86,607
9,87,614
9,88,623
9,89,631
9,90,639
9,91,640
9,92,649
9,93,656
9,94,665
9,95,674
9,96,679
9,97,687
9,98,692
9,99,700
9,100,707
9,101,709
9,102,718
9,103,723
9,104,731
9,105,740
9,106,748
9,107,753
9,108,761
9,109,769
9,110,772
9,111,779
9,112,787
9,113,795
9,114,800
9,115,809
9,116,815
9,117,818
9,118,827
9,119,836
9,120,843
9,121,845
9,122,853
9,123,862
9,124,870
9,125,877
9,126,883
9,127,891
9,128,898
9,129,903
9,130,910
9,131,918
9,132,927
9,133,933
9,134,938
9,135,945
9,136,952
9,137,961
9,138,967
9,139,972
9,140,977
9,141,985
9,142,994
9,143,1003
9,144,1013
9,145,1013
9,146,1019
9,147,1028
9,148,1037
9,149,1045
9,150,1048
9,151,1052
9,152,1058
9,153,1066
9,154,1075
9,155,1084
9,156,1090
9,157,1097
9,158,1100
9,159,1107
9,160,1115
9,161,1124
9,162,1133
9,163,1139
9,164,1145
9,165,1150
9,166,1156
9,167,1163
9,168,1172
9,169,1181
9,170,1190
9,171,1194
9,172,1196
9,173,1201
9,174,1207
9,175,1215
9,176,1224
9,177,1233
9,178,1242
9,179,1248
9,180,1255
9,181,1257
9,182,1261
9,183,1269
9,184,1276
9,185,1285
9,186,1294
9,187,1303
9,188,1312
9,189,1316
9,190,1324
9,191,1330
9,192,1335
9,193,1342
9,194,1350
9,195,1359
9,196,1368
9,197,1377
9,198,1385
9,199,1389
9,200,1390
9,201,1394
9,202,1401
9,203,1408
9,204,1417
9,205,1424
9,206,1433
9,207,1442
9,208,1451
9,209,1460
9,210,1467
9,211,1471
9,212,1474
9,213,1480
9,214,1484
9,215,1489
9,216,1496
10,3,29
10,4,38
10,5,46
10,6,53
10,7,63
10,8,72
10,9,79
10,10,89
10,11,97
10,12,104
10,13,111
10,14,119
10,15,128
10,16,135
10,17,144
10,18,153
10,19,161
10,20,169
10,21,177
10,22,183
10,23,193
10,24,200
10,25,207
10,26,214
10,27,223
10,28,231
10,29,239
10,30,247
10,31,253
10,32,259
10,33,269
10,34,277
10,35,286
10,36,295
10,37,299
10,38,309
10,39,318
10,40,323
10,41,333
10,42,340
10,43,345
10,44,354
10,45,366
10,46,372
10,47,382
10,48,386
10,49,393
10,50,403
10,51,411
10,52,418
10,53,426
10,54,433
10,55,444
10,56,449
10,57,458
10,58,466
10,59,475
10,60,482
10,61,489
10,62,497
10,63,505
10,64,513
10,65,516
10,66,526
10,67,536
10,68,543
10,69,554
10,70,559
10,71,566
10,72,576
10,73,582
10,74,588
10,75,598
10,76,605
10,77,614
10,78,623
10,79,626
10,80,634
10,81,645
10,82,654
10,83,662
10,84,669
10,85,677
10,86,682
10,87,690
10,88,699
10,89,706
10,90,716
10,91,721
10,92,730
10,93,738
10,94,749
10,95,753
10,96,759
10,97,768
10,98,776
10,99,786
10,100,793
10,101,797
10,102,807
10,103,814
10,104,821
10,105,831
10,106,839
10,107,845
10,108,854
10,109,862
10,110,868
10,111,876
10,112,885
10,113,890
10,114,895
10,115,905
10,116,913
10,117,922
10,118,931
10,119,941
10,120,948
10,121,951
10,122,959
10,123,969
10,124,976
10,125,983
10,126,991
10,127,1000
10,128,1008
10,129,1013
10,130,1018
10,131,1028
10,132,1038
10,133,1044
10,134,1054
10,135,1061
10,136,1070
10,137,1080
10,138,1088
10,139,1092
10,140,1098
10,141,1106
10,142,1116
10,143,1126
10,144,1136
10,145,1134
10,146,1142
10,147,1152
10,148,1162
10,149,1170
10,150,1173
10,151,1181
10,152,1188
10,153,1196
10,154,1206
10,155,1216
10,156,1223
10,157,1231
10,158,1236
10,159,1244
10,160,1254
10,161,1264
10,162,1274
10,163,1281
10,164,1285
10,165,1291
10,166,1300
10,167,1307
10,168,1317
10,169,1327
10,170,1336
10,171,1340
10,172,1342
10,173,1348
10,174,1357
10,175,1366
10,176,1376
10,177,1386
10,178,1396
10,179,1403
10,180,1410
10,181,1411
10,182,1416
10,183,1426
10,184,1435
10,185,1445
10,186,1455
10,187,1465
10,188,1474
10,189,1479
10,190,1483
10,191,1490
10,192,1497
11,3,32
11,4,41
11,5,51
11,6,58
11,7,69
11,8,77
11,9,86
11,10,96
11,11,106
11,12,112
11,13,121
11,14,132
11,15,142
11,16,149
11,17,159
11,18,166
11,19,176
11,20,183
11,21,194
11,22,203
11,23,211
11,24,216
11,25,223
11,26,232
11,27,243
11,28,250
11,29,263
11,30,272
11,31,275
11,32,283
11,33,295
11,34,306
11,35,310
11,36,318
11,37,328
11,38,338
11,39,344
11,40,351
11,41,361
11,42,372
11,43,376
11,44,387
11,45,397
11,46,402
11,47,412
11,48,418
11,49,427
11,50,438
11,51,444
11,52,452
11,53,462
11,54,468
11,55,478
11,56,486
11,57,497
11,58,508
11,59,514
11,60,522
11,61,528
11,62,535
11,63,546
11,64,556
11,65,561
11,66,568
11,67,579
11,68,589
11,69,597
11,70,606
11,71,616
11,72,624
11,73,630
11,74,637
11,75,647
11,76,654
11,77,663
11,78,674
11,79,677
11,80,688
11,81,698
11,82,705
11,83,711
11,84,723
11,85,730
11,86,737
11,87,745
11,88,758
11,89,766
11,90,774
11,91,778
11,92,789
11,93,798
11,94,809
11,95,816
11,96,822
11,97,832
11,98,836
11,99,847
11,100,856
11,101,860
11,102,870
11,103,876
11,104,883
11,105,894
11,106,904
11,107,910
11,108,921
11,109,930
11,110,935
11,111,945
11,112,956
11,113,963
11,114,971
11,115,982
11,116,990
11,117,993
11,118,1003
11,119,1014
11,120,1023
11,121,1021
11,122,1031
11,123,1042
11,124,1052
11,125,1061
11,126,1068
11,127,1079
11,128,1088
11,129,1092
11,130,1098
11,131,1110
11,132,1121
11,133,1130
11,134,1134
11,135,1140
11,136,1151
11,137,1162
11,138,1170
11,139,1177
11,140,1182
11,141,1191
11,142,1202
11,143,1212
11,144,1222
11,145,1223
11,146,1231
11,147,1241
11,148,1252
11,149,1262
11,150,1267
11,151,1275
11,152,1281
11,153,1291
11,154,1302
11,155,1313
11,156,1321
11,157,1325
11,158,1333
11,159,1339
11,160,1349
11,161,1360
11,162,1371
11,163,1380
11,164,1383
11,165,1389
11,166,1396
11,167,1404
11,168,1415
11,169,1426
11,170,1437
11,171,1442
11,172,1446
11,173,1453
11,174,1460
11,175,1470
11,176,1481
11,177,1492
12,3,35
12,4,45
12,5,56
12,6,64
12,7,74
12,8,84
12,9,94
12,10,104
12,11,114
12,12,121
12,13,129
12,14,141
12,15,151
12,16,160
12,17,168
12,18,178
12,19,188
12,20,195
12,21,206
12,22,216
12,23,223
12,24,233
12,25,244
12,26,249
12,27,262
12,28,270
12,29,281
12,30,287
12,31,297
12,32,308
12,33,315
12,34,322
12,35,333
12,36,344
12,37,353
12,38,363
12,39,371
12,40,380
12,41,388
12,42,398
12,43,407
12,44,419
12,45,428
12,46,435
12,47,445
12,48,453
12,49,460
12,50,470
12,51,478
12,52,484
12,53,495
12,54,506
12,55,514
12,56,521
12,57,533
12,58,542
12,59,548
12,60,556
12,61,569
12,62,577
12,63,590
12,64,601
12,65,604
12,66,613
12,67,621
12,68,630
12,69,643
12,70,653
12,71,658
12,72,667
12,73,679
12,74,683
12,75,695
12,76,706
12,77,713
12,78,723
12,79,732
12,80,743
12,81,750
12,82,757
12,83,766
12,84,774
12,85,783
12,86,792
12,87,802
12,88,813
12,89,821
12,90,832
12,91,838
12,92,848
12,93,857
12,94,868
12,95,874
12,96,882
12,97,894
12,98,901
12,99,911
12,100,919
12,101,922
12,102,935
12,103,942
12,104,953
12,105,964
12,106,973
12,107,980
12,108,992
12,109,1003
12,110,1005
12,111,1017
12,112,1029
12,113,1032
12,114,1041
12,115,1053
12,116,1062
12,117,1067
12,118,1076
12,119,1088
12,120,1098
12,121,1101
12,122,1112
12,123,1124
12,124,1132
12,125,1138
12,126,1148
12,127,1159
12,128,1169
12,129,1175
12,130,1185
12,131,1197
12,132,1209
12,133,1215
12,134,1223
12,135,1230
12,136,1239
12,137,1251
12,138,1259
12,139,1266
12,140,1273
12,141,1282
12,142,1294
12,143,1305
12,144,1316
12,145,1318
12,146,1326
12,147,1336
12,148,1348
12,149,1358
12,150,1360
12,151,1368
12,152,1376
12,153,1386
12,154,1398
12,155,1410
12,156,1418
12,157,1427
12,158,1433
12,159,1442
12,160,1453
12,161,1465
12,162,1477
12,163,1485
12,164,1489
12,165,1495
13,3,38
13,4,48
13,5,58
13,6,68
13,7,78
13,8,89
13,9,99
13,10,109
13,11,120
13,12,129
13,13,138
13,14,147
13,15,157
13,16,168
13,17,176
13,18,187
13,19,198
13,20,207
13,21,217
13,22,225
13,23,235
13,24,244
13,25,253
13,26,263
13,27,273
13,28,284
13,29,294
13,30,303
13,31,312
13,32,321
13,33,331
13,34,340
13,35,351
13,36,360
13,37,369
13,38,380
13,39,390
13,40,399
13,41,410
13,42,417
13,43,425
13,44,437
13,45,448
13,46,458
13,47,466
13,48,474
13,49,482
13,50,493
13,51,504
13,52,514
13,53,525
13,54,531
13,55,543
13,56,550
13,57,560
13,58,575
13,59,577
13,60,588
13,61,602
13,62,609
13,63,620
13,64,630
13,65,636
13,66,646
13,67,657
13,68,666
13,69,679
13,70,684
13,71,694
13,72,704
13,73,716
13,74,722
13,75,730
13,76,741
13,77,754
13,78,765
13,79,770
13,80,780
13,81,790
13,82,799
13,83,810
13,84,818
13,85,827
13,86,836
13,87,847
13,88,856
13,89,866
13,90,876
13,91,879
13,92,891
13,93,904
13,94,915
13,95,925
13,96,932
13,97,943
13,98,949
13,99,961
13,100,970
13,101,974
13,102,989
13,103,996
13,104,1008
13,105,1019
13,106,1029
13,107,1035
13,108,1048
13,109,1058
13,110,1063
13,111,1075
13,112,1088
13,113,1090
13,114,1098
13,115,1111
13,116,1123
13,117,1126
13,118,1135
13,119,1148
13,120,1158
13,121,1161
13,122,1171
13,123,1184
13,124,1196
13,125,1203
13,126,1212
13,127,1223
13,128,1233
13,129,1241
13,130,1249
13,131,1262
13,132,1275
13,133,1285
13,134,1290
13,135,1299
13,136,1310
13,137,1323
13,138,1331
13,139,1335
13,140,1344
13,141,1352
13,142,1365
13,143,1377
13,144,1388
13,145,1390
13,146,1398
13,147,1409
13,148,1422
13,149,1434
13,150,1437
13,151,1448
13,152,1457
13,153,1467
14,3,41
14,4,53
14,5,64
14,6,75
14,7,87
14,8,99
14,9,109
14,10,120
14,11,132
14,12,143
14,13,152
14,14,163
14,15,174
14,16,185
14,17,195
14,18,206
14,19,217
14,20,228
14,21,239
14,22,247
14,23,259
14,24,267
14,25,277
14,26,287
14,27,298
14,28,309
14,29,321
14,30,331
14,31,340
14,32,349
14,33,360
14,34,372
14,35,381
14,36,393
14,37,402
14,38,414
14,39,425
14,40,435
14,41,444
14,42,455
14,43,465
14,44,474
14,45,487
14,46,496
14,47,507
14,48,515
14,49,526
14,50,537
14,51,546
14,52,558
14,53,568
14,54,575
14,55,588
14,56,598
14,57,607
14,58,622
14,59,631
14,60,641
14,61,653
14,62,660
14,63,673
14,64,684
14,65,692
14,66,700
14,67,715
14,68,725
14,69,738
14,70,745
14,71,753
14,72,763
14,73,774
14,74,781
14,75,794
14,76,805
14,77,816
14,78,829
14,79,834
14,80,846
14,81,856
14,82,865
14,83,875
14,84,887
14,85,897
14,86,907
14,87,915
14,88,926
14,89,939
14,90,949
14,91,954
14,92,968
14,93,979
14,94,993
14,95,1003
14,96,1008
14,97,1020
14,98,1029
14,99,1040
14,100,1053
14,101,1058
14,102,1072
14,103,1077
14,104,1088
14,105,1103
14,106,1114
14,107,1118
14,108,1130
14,109,1141
14,110,1151
14,111,1161
14,112,1175
14,113,1179
14,114,1190
14,115,1204
14,116,1215
14,117,1220
14,118,1232
14,119,1246
14,120,1255
14,121,1258
14,122,1270
14,123,1284
14,124,1295
14,125,1304
14,126,1314
14,127,1326
14,128,1336
14,129,1342
14,130,1354
14,131,1367
14,132,1381
14,133,1391
14,134,1395
14,135,1406
14,136,1418
14,137,1432
14,138,1442
14,139,1444
14,140,1456
14,141,1466
14,142,1479
15,3,44
15,4,55
15,5,68
15,6,78
15,7,91
15,8,103
15,9,114
15,10,127
15,11,140
15,12,149
15,13,159
15,14,171
15,15,183
15,16,194
15,17,204
15,18,214
15,19,227
15,20,237
15,21,250
15,22,261
15,23,273
15,24,282
15,25,292
15,26,302
15,27,315
15,28,328
15,29,338
15,30,349
15,31,359
15,32,368
15,33,380
15,34,391
15,35,403
15,36,413
15,37,422
15,38,438
15,39,447
15,40,457
15,41,469
15,42,478
15,43,485
15,44,503
15,45,515
15,46,526
15,47,536
15,48,543
15,49,553
15,50,565
15,51,573
15,52,586
15,53,599
15,54,608
15,55,619
15,56,631
15,57,643
15,58,657
15,59,663
15,60,676
15,61,685
15,62,700
15,63,708
15,64,721
15,65,729
15,66,739
15,67,751
15,68,759
15,69,774
15,70,786
15,71,794
15,72,806
15,73,818
15,74,825
15,75,836
15,76,851
15,77,861
15,78,875
15,79,879
15,80,893
15,81,907
15,82,916
15,83,925
15,84,935
15,85,946
15,86,956
15,87,968
15,88,982
15,89,990
15,90,1001
15,91,1008
15,92,1020
15,93,1033
15,94,1047
15,95,1057
15,96,1063
15,97,1074
15,98,1087
15,99,1097
15,100,1107
15,101,1115
15,102,1131
15,103,1138
15,104,1146
15,105,1161
15,106,1173
15,107,1184
15,108,1196
15,109,1207
15,110,1216
15,111,1227
15,112,1241
15,113,1245
15,114,1256
15,115,1271
15,116,1283
15,117,1288
15,118,1300
15,119,1316
15,120,1326
15,121,1331
15,122,1344
15,123,1359
15,124,1369
15,125,1374
15,126,1385
15,127,1399
15,128,1411
15,129,1419
15,130,1428
15,131,1442
15,132,1457
15,133,1465
16,3,47
16,4,60
16,5,73
16,6,84
16,7,97
16,8,111
16,9,123
16,10,135
16,11,148
16,12,156
16,13,169
16,14,182
16,15,193
16,16,205
16,17,219
16,18,229
16,19,242
16,20,252
16,21,266
16,22,278
16,23,287
16,24,298
16,25,310
16,26,321
16,27,334
16,28,346
16,29,358
16,30,371
16,31,382
16,32,390
16,33,405
16,34,417
16,35,424
16,36,436
16,37,446
16,38,462
16,39,470
16,40,484
16,41,494
16,42,509
16,43,516
16,44,531
16,45,542
16,46,551
16,47,563
16,48,574
16,49,583
16,50,597
16,51,609
16,52,622
16,53,631
16,54,642
16,55,654
16,56,668
16,57,678
16,58,691
16,59,699
16,60,710
16,61,723
16,62,736
16,63,745
16,64,760
16,65,772
16,66,779
16,67,788
16,68,804
16,69,819
16,70,830
16,71,836
16,72,851
16,73,860
16,74,870
16,75,884
16,76,897
16,77,902
16,78,917
16,79,927
16,80,942
16,81,949
16,82,960
16,83,974
16,84,983
16,85,997
16,86,1008
16,87,1021
16,88,1036
16,89,1046
16,90,1056
16,91,1062
16,92,1077
16,93,1085
16,94,1101
16,95,1109
16,96,1122
16,97,1138
16,98,1140
16,99,1157
16,100,1169
16,101,1176
16,102,1190
16,103,1197
16,104,1204
16,105,1220
16,106,1231
16,107,1242
16,108,1257
16,109,1269
16,110,1278
16,111,1292
16,112,1308
16,113,1312
16,114,1325
16,115,1340
16,116,1350
16,117,1351
16,118,1366
16,119,1382
16,120,1394
16,121,1398
16,122,1411
16,123,1427
16,124,1439
16,125,1442
17,3,48
17,4,62
17,5,75
17,6,86
17,7,102
17,8,116
17,9,126
17,10,141
17,11,155
17,12,162
17,13,176
17,14,191
17,15,204
17,16,217
17,17,229
17,18,239
17,19,254
17,20,265
17,21,278
17,22,290
17,23,301
17,24,312
17,25,325
17,26,337
17,27,350
17,28,366
17,29,376
17,30,389
17,31,396
17,32,409
17,33,424
17,34,438
17,35,444
17,36,458
17,37,471
17,38,486
17,39,496
17,40,509
17,41,522
17,42,532
17,43,543
17,44,558
17,45,570
17,46,583
17,47,595
17,48,602
17,49,616
17,50,628
17,51,642
17,52,655
17,53,666
17,54,673
17,55,687
17,56,698
17,57,713
17,58,727
17,59,737
17,60,749
17,61,760
17,62,775
17,63,788
17,64,799
17,65,812
17,66,819
17,67,833
17,68,847
17,69,862
17,70,869
17,71,878
17,72,892
17,73,904
17,74,912
17,75,927
17,76,939
17,77,954
17,78,968
17,79,974
17,80,988
17,81,997
17,82,1011
17,83,1021
17,84,1036
17,85,1053
17,86,1061
17,87,1071
17,88,1083
17,89,1097
17,90,1111
17,91,1118
17,92,1133
17,93,1144
17,94,1162
17,95,1174
17,96,1182
17,97,1195
17,98,1201
17,99,1214
17,100,1227
17,101,1236
17,102,1252
17,103,1262
17,104,1275
17,105,1290
17,106,1301
17,107,1310
17,108,1328
17,109,1339
17,110,1345
17,111,1358
17,112,1375
17,113,1383
17,114,1392
17,115,1407
17,116,1419
17,117,1424
18,3,51
18,4,67
18,5,79
18,6,91
18,7,107
18,8,122
18,9,132
18,10,147
18,11,163
18,12,175
18,13,186
18,14,198
18,15,213
18,16,227
18,17,239
18,18,251
18,19,265
18,20,276
18,21,292
18,22,303
18,23,316
18,24,327
18,25,339
18,26,351
18,27,365
18,28,378
18,29,393
18,30,408
18,31,415
18,32,430
18,33,442
18,34,453
18,35,467
18,36,485
18,37,493
18,38,508
18,39,520
18,40,533
18,41,548
18,42,557
18,43,568
18,44,587
18,45,600
18,46,611
18,47,624
18,48,633
18,49,645
18,50,658
18,51,668
18,52,682
18,53,697
18,54,706
18,55,723
18,56,731
18,57,749
18,58,761
18,59,772
18,60,785
18,61,798
18,62,810
18,63,825
18,64,838
18,65,848
18,66,858
18,67,873
18,68,884
18,69,906
18,70,913
18,71,923
18,72,937
18,73,955
18,74,957
18,75,973
18,76,987
18,77,1001
18,78,1015
18,79,1022
18,80,1035
18,81,1051
18,82,1063
18,83,1075
18,84,1086
18,85,1099
18,86,1109
18,87,1122
18,88,1138
18,89,1152
18,90,1166
18,91,1168
18,92,1187
18,93,1202
18,94,1217
18,95,1228
18,96,1237
18,97,1252
18,98,1263
18,99,1277
18,100,1290
18,101,1293
18,102,1311
18,103,1321
18,104,1337
18,105,1354
18,106,1366
18,107,1374
18,108,1387
18,109,1401
18,110,1413
18,111,1427
19,3,54
19,4,70
19,5,84
19,6,96
19,7,114
19,8,129
19,9,142
19,10,157
19,11,173
19,12,183
19,13,197
19,14,212
19,15,228
19,16,242
19,17,252
19,18,265
19,19,283
19,20,295
19,21,312
19,22,322
19,23,338
19,24,349
19,25,366
19,26,377
19,27,392
19,28,404
19,29,420
19,30,435
19,31,448
19,32,461
19,33,474
19,34,484
19,35,497
19,36,512
19,37,528
19,38,544
19,39,552
19,40,569
19,41,584
19,42,591
19,43,604
19,44,621
19,45,638
19,46,653
19,47,666
19,48,672
19,49,687
19,50,705
19,51,712
19,52,730
19,53,744
19,54,753
19,55,770
19,56,780
19,57,796
19,58,807
19,59,820
19,60,838
19,61,850
19,62,864
19,63,880
19,64,892
19,65,902
19,66,916
19,67,928
19,68,941
19,69,963
19,70,968
19,71,986
19,72,998
19,73,1014
19,74,1022
19,75,1041
19,76,1055
19,77,1070
19,78,1083
19,79,1092
19,80,1109
19,81,1120
19,82,1131
19,83,1147
19,84,1155
19,85,1170
19,86,1178
19,87,1194
19,88,1210
19,89,1225
19,90,1240
19,91,1251
19,92,1267
19,93,1276
19,94,1293
19,95,1309
19,96,1318
19,97,1332
19,98,1345
19,99,1361
19,100,1376
19,101,1379
19,102,1398
19,103,1406
19,104,1422
19,105,1439
20,3,57
20,4,74
20,5,89
20,6,101
20,7,120
20,8,136
20,9,147
20,10,166
20,11,181
20,12,194
20,13,207
20,14,224
20,15,238
20,16,253
20,17,267
20,18,279
20,19,296
20,20,311
20,21,326
20,22,338
20,23,352
20,24,366
20,25,382
20,26,393
20,27,407
20,28,421
20,29,439
20,30,454
20,31,463
20,32,478
20,33,491
20,34,507
20,35,521
20,36,535
20,37,547
20,38,567
20,39,579
20,40,592
20,41,607
20,42,619
20,43,629
20,44,648
20,45,665
20,46,680
20,47,695
20,48,703
20,49,715
20,50,732
20,51,746
20,52,762
20,53,776
20,54,784
20,55,803
20,56,815
20,57,833
20,58,849
20,59,858
20,60,872
20,61,888
20,62,898
20,63,917
20,64,934
20,65,940
20,66,951
20,67,966
20,68,981
20,69,1001
20,70,1013
20,71,1023
20,72,1040
20,73,1054
20,74,1064
20,75,1081
20,76,1095
20,77,1111
20,78,1128
20,79,1133
20,80,1149
20,81,1167
20,82,1180
20,83,1193
20,84,1205
20,85,1220
20,86,1231
20,87,1248
20,88,1263
20,89,1275
20,90,1291
20,91,1304
20,92,1321
20,93,1334
20,94,1354
20,95,1361
20,96,1370
20,97,1387
20,98,1400
20,99,1418
20,100,1431
21,3,60
21,4,76
21,5,92
21,6,107
21,7,126
21,8,142
21,9,155
21,10,173
21,11,191
21,12,202
21,13,217
21,14,234
21,15,250
21,16,263
21,17,279
21,18,291
21,19,310
21,20,321
21,21,339
21,22,351
21,23,365
21,24,381
21,25,396
21,26,409
21,27,424
21,28,437
21,29,455
21,30,472
21,31,482
21,32,495
21,33,514
21,34,526
21,35,538
21,36,554
21,37,571
21,38,586
21,39,595
21,40,612
21,41,628
21,42,644
21,43,656
21,44,671
21,45,686
21,46,703
21,47,713
21,48,730
21,49,745
21,50,757
21,51,769
21,52,787
21,53,800
21,54,811
21,55,829
21,56,842
21,57,859
21,58,874
21,59,882
21,60,903
21,61,918
21,62,931
21,63,944
21,64,964
21,65,973
21,66,985
21,67,1003
21,68,1015
21,69,1036
21,70,1047
21,71,1057
21,72,1075
21,73,1092
21,74,1101
21,75,1121
21,76,1129
21,77,1151
21,78,1163
21,79,1172
21,80,1188
21,81,1202
21,82,1214
21,83,1231
21,84,1247
21,85,1263
21,86,1274
21,87,1290
21,88,1305
21,89,1321
21,90,1336
21,91,1345
21,92,1364
21,93,1376
21,94,1395
21,95,1409
22,3,63
22,4,80
22,5,97
22,6,111
22,7,132
22,8,148
22,9,162
22,10,181
22,11,199
22,12,207
22,13,226
22,14,243
22,15,260
22,16,277
22,17,292
22,18,303
22,19,323
22,20,338
22,21,356
22,22,371
22,23,386
22,24,394
22,25,410
22,26,429
22,27,446
22,28,458
22,29,479
22,30,493
22,31,504
22,32,519
22,33,537
22,34,555
22,35,567
22,36,578
22,37,594
22,38,613
22,39,627
22,40,642
22,41,659
22,42,674
22,43,683
22,44,705
22,45,721
22,46,731
22,47,746
22,48,758
22,49,777
22,50,794
22,51,807
22,52,825
22,53,844
22,54,851
22,55,864
22,56,880
22,57,902
22,58,918
22,59,928
22,60,946
22,61,962
22,62,972
22,63,994
22,64,1009
22,65,1024
22,66,1031
22,67,1050
22,68,1067
22,69,1086
22,70,1096
22,71,1114
22,72,1126
22,73,1143
22,74,1154
22,75,1172
22,76,1189
22,77,1203
22,78,1220
22,79,1230
22,80,1247
22,81,1265
22,82,1276
22,83,1291
22,84,1309
22,85,1326
22,86,1336
22,87,1354
22,88,1376
22,89,1386
22,90,1399
23,3,66
23,4,84
23,5,101
23,6,116
23,7,136
23,8,154
23,9,168
23,10,187
23,11,205
23,12,218
23,13,233
23,14,250
23,15,267
23,16,282
23,17,298
23,18,314
23,19,331
23,20,349
23,21,363
23,22,379
23,23,394
23,24,410
23,25,423
23,26,442
23,27,460
23,28,473
23,29,493
23,30,509
23,31,525
23,32,534
23,33,553
23,34,570
23,35,584
23,36,602
23,37,614
23,38,634
23,39,648
23,40,667
23,41,679
23,42,694
23,43,707
23,44,727
23,45,743
23,46,760
23,47,778
23,48,789
23,49,804
23,50,819
23,51,835
23,52,856
23,53,868
23,54,882
23,55,900
23,56,914
23,57,932
23,58,954
23,59,961
23,60,984
23,61,997
23,62,1016
23,63,1029
23,64,1042
23,65,1057
23,66,1071
23,67,1090
23,68,1104
23,69,1126
23,70,1134
23,71,1150
23,72,1171
23,73,1186
23,74,1195
23,75,1215
23,76,1234
23,77,1248
23,78,1265
23,79,1273
23,80,1293
23,81,1312
23,82,1324
23,83,1341
23,84,1354
23,85,1372
23,86,1383
24,3,69
24,4,86
24,5,106
24,6,122
24,7,141
24,8,160
24,9,176
24,10,196
24,11,215
24,12,226
24,13,245
24,14,262
24,15,281
24,16,299
24,17,313
24,18,329
24,19,350
24,20,362
24,21,383
24,22,400
24,23,415
24,24,428
24,25,449
24,26,463
24,27,482
24,28,497
24,29,515
24,30,533
24,31,547
24,32,563
24,33,577
24,34,595
24,35,609
24,36,631
24,37,643
24,38,666
24,39,678
24,40,696
24,41,710
24,42,729
24,43,742
24,44,764
24,45,782
24,46,795
24,47,811
24,48,826
24,49,838
24,50,858
24,51,875
24,52,889
24,53,905
24,54,922
24,55,937
24,56,952
24,57,974
24,58,989
24,59,1002
24,60,1018
24,61,1034
24,62,1053
24,63,1073
24,64,1090
24,65,1103
24,66,1115
24,67,1130
24,68,1148
24,69,1175
24,70,1185
24,71,1201
24,72,1217
24,73,1234
24,74,1242
24,75,1262
24,76,1285
24,77,1296
24,78,1315
24,79,1334
24,80,1349
24,81,1360
24,82,1376
24,83,1396
25,3,72
25,4,90
25,5,109
25,6,124
25,7,147
25,8,165
25,9,180
25,10,200
25,11,223
25,12,234
25,13,251
25,14,270
25,15,289
25,16,305
25,17,325
25,18,340
25,19,358
25,20,373
25,21,394
25,22,413
25,23,429
25,24,442
25,25,459
25,26,473
25,27,495
25,28,510
25,29,531
25,30,547
25,31,560
25,32,575
25,33,599
25,34,615
25,35,630
25,36,649
25,37,662
25,38,682
25,39,703
25,40,717
25,41,736
25,42,748
25,43,765
25,44,784
25,45,804
25,46,820
25,47,831
25,48,845
25,49,865
25,50,881
25,51,897
25,52,917
25,53,933
25,54,947
25,55,962
25,56,984
25,57,1003
25,58,1028
25,59,1035
25,60,1054
25,61,1070
25,62,1087
25,63,1102
25,64,1118
25,65,1138
25,66,1148
25,67,1168
25,68,1185
25,69,1210
25,70,1220
25,71,1237
25,72,1254
25,73,1272
25,74,1282
25,75,1302
25,76,1319
25,77,1341
25,78,1361
25,79,1371
25,80,1390
26,3,74
26,4,92
26,5,112
26,6,128
26,7,151
26,8,170
26,9,187
26,10,208
26,11,229
26,12,242
26,13,261
26,14,280
26,15,299
26,16,318
26,17,332
26,18,349
26,19,371
26,20,387
26,21,405
26,22,424
26,23,442
26,24,458
26,25,477
26,26,493
26,27,510
26,28,529
26,29,552
26,30,567
26,31,585
26,32,597
26,33,619
26,34,635
26,35,653
26,36,668
26,37,687
26,38,707
26,39,722
26,40,741
26,41,764
26,42,777
26,43,790
26,44,811
26,45,829
26,46,850
26,47,868
26,48,880
26,49,898
26,50,917
26,51,935
26,52,953
26,53,974
26,54,980
26,55,1003
26,56,1018
26,57,1038
26,58,1061
26,59,1070
26,60,1093
26,61,1112
26,62,1127
26,63,1144
26,64,1162
26,65,1179
26,66,1189
26,67,1213
26,68,1229
26,69,1257
26,70,1265
26,71,1284
26,72,1301
26,73,1321
26,74,1331
26,75,1351
26,76,1368
27,3,77
27,4,97
27,5,117
27,6,134
27,7,159
27,8,179
27,9,197
27,10,217
27,11,239
27,12,253
27,13,274
27,14,293
27,15,315
27,16,334
27,17,350
27,18,367
27,19,390
27,20,407
27,21,430
27,22,443
27,23,464
27,24,480
27,25,497
27,26,517
27,27,537
27,28,557
27,29,574
27,30,599
27,31,609
27,32,628
27,33,649
27,34,665
27,35,680
27,36,700
27,37,719
27,38,746
27,39,760
27,40,781
27,41,793
27,42,817
27,43,829
27,44,853
27,45,875
27,46,892
27,47,907
27,48,924
27,49,942
27,50,956
27,51,979
27,52,997
27,53,1021
27,54,1029
27,55,1048
27,56,1065
27,57,1092
27,58,1109
27,59,1123
27,60,1142
27,61,1164
27,62,1180
27,63,1202
27,64,1218
27,65,1235
27,66,1246
27,67,1266
27,68,1286
27,69,1313
27,70,1326
27,71,1344
27,72,1363
27,73,1384
27,74,1395
28,3,80
28,4,100
28,5,122
28,6,140
28,7,163
28,8,183
28,9,202
28,10,224
28,11,247
28,12,261
28,13,278
28,14,299
28,15,324
28,16,341
28,17,360
28,18,379
28,19,401
28,20,417
28,21,442
28,22,455
28,23,476
28,24,490
28,25,514
28,26,529
28,27,547
28,28,563
28,29,589
28,30,611
28,31,622
28,32,642
28,33,663
28,34,685
28,35,701
28,36,719
28,37,737
28,38,760
28,39,775
28,40,796
28,41,814
28,42,833
28,43,851
28,44,871
28,45,892
28,46,909
28,47,928
28,48,943
28,49,963
28,50,982
28,51,997
28,52,1022
28,53,1037
28,54,1051
28,55,1072
28,56,1092
28,57,1114
28,58,1135
28,59,1153
28,60,1173
28,61,1191
28,62,1205
28,63,1229
28,64,1248
28,65,1267
28,66,1276
28,67,1300
28,68,1321
28,69,1345
28,70,1356
28,71,1374
29,3,83
29,4,105
29,5,125
29,6,145
29,7,171
29,8,193
29,9,208
29,10,233
29,11,257
29,12,271
29,13,289
29,14,310
29,15,333
29,16,354
29,17,373
29,18,391
29,19,414
29,20,434
29,21,456
29,22,476
29,23,492
29,24,512
29,25,527
29,26,546
29,27,568
29,28,587
29,29,611
29,30,630
29,31,647
29,32,667
29,33,691
29,34,710
29,35,721
29,36,746
29,37,765
29,38,791
29,39,804
29,40,825
29,41,843
29,42,865
29,43,879
29,44,903
29,45,926
29,46,944
29,47,963
29,48,983
29,49,997
29,50,1018
29,51,1036
29,52,1054
29,53,1076
29,54,1094
29,55,1117
29,56,1135
29,57,1161
29,58,1174
29,59,1190
29,60,1212
29,61,1230
29,62,1255
29,63,1275
29,64,1294
29,65,1311
29,66,1326
29,67,1349
29,68,1372
30,3,86
30,4,107
30,5,129
30,6,148
30,7,175
30,8,197
30,9,215
30,10,240
30,11,263
30,12,279
30,13,299
30,14,323
30,15,345
30,16,365
30,17,383
30,18,403
30,19,425
30,20,444
30,21,468
30,22,485
30,23,509
30,24,524
30,25,544
30,26,565
30,27,587
30,28,606
30,29,629
30,30,652
30,31,667
30,32,684
30,33,708
30,34,726
30,35,745
30,36,768
30,37,783
30,38,811
30,39,826
30,40,848
30,41,869
30,42,887
30,43,899
30,44,928
30,45,953
30,46,971
30,47,992
30,48,1006
30,49,1025
30,50,1047
30,51,1064
30,52,1085
30,53,1106
30,54,1120
30,55,1144
30,56,1162
30,57,1188
30,58,1208
30,59,1225
30,60,1248
30,61,1269
30,62,1290
30,63,1310
30,64,1328
30,65,1346
30,66,1363
31,3,89
31,4,111
31,5,135
31,6,155
31,7,184
31,8,204
31,9,224
31,10,249
31,11,274
31,12,290
31,13,312
31,14,334
31,15,358
31,16,378
31,17,399
31,18,419
31,19,443
31,20,460
31,21,485
31,22,506
31,23,527
31,24,544
31,25,565
31,26,590
31,27,611
31,28,626
31,29,652
31,30,677
31,31,690
31,32,708
31,33,735
31,34,757
31,35,776
31,36,797
31,37,815
31,38,845
31,39,860
31,40,877
31,41,898
31,42,921
31,43,938
31,44,964
31,45,988
31,46,1005
31,47,1025
31,48,1044
31,49,1060
31,50,1082
31,51,1105
31,52,1130
31,53,1146
31,54,1169
31,55,1185
31,56,1206
31,57,1232
31,58,1252
31,59,1269
31,60,1297
31,61,1314
31,62,1335
31,63,1355
31,64,1375
32,3,91
32,4,114
32,5,139
32,6,158
32,7,186
32,8,209
32,9,230
32,10,256
32,11,281
32,12,294
32,13,318
32,14,343
32,15,364
32,16,386
32,17,407
32,18,429
32,19,454
32,20,474
32,21,499
32,22,520
32,23,539
32,24,556
32,25,575
32,26,600
32,27,623
32,28,644
32,29,666
32,30,691
32,31,713
32,32,724
32,33,751
32,34,770
32,35,791
32,36,811
32,37,834
32,38,860
32,39,874
32,40,898
32,41,920
32,42,944
32,43,952
32,44,986
32,45,1006
32,46,1028
32,47,1039
32,48,1063
32,49,1079
32,50,1106
32,51,1124
32,52,1150
32,53,1173
32,54,1186
32,55,1211
32,56,1237
32,57,1255
32,58,1277
32,59,1295
32,60,1317
32,61,1338
32,62,1362
33,3,94
33,4,119
33,5,143
33,6,162
33,7,195
33,8,218
33,9,237
33,10,264
33,11,290
33,12,304
33,13,328
33,14,357
33,15,381
33,16,404
33,17,425
33,18,444
33,19,469
33,20,489
33,21,518
33,22,537
33,23,561
33,24,578
33,25,598
33,26,621
33,27,644
33,28,665
33,29,691
33,30,715
33,31,734
33,32,753
33,33,776
33,34,804
33,35,815
33,36,840
33,37,864
33,38,888
33,39,907
33,40,928
33,41,953
33,42,978
33,43,987
33,44,1019
33,45,1042
33,46,1061
33,47,1086
33,48,1103
33,49,1123
33,50,1149
33,51,1166
33,52,1190
33,53,1213
33,54,1226
33,55,1252
33,56,1279
33,57,1304
33,58,1324
33,59,1342
33,60,1364
34,3,95
34,4,121
34,5,146
34,6,165
34,7,199
34,8,223
34,9,242
34,10,271
34,11,297
34,12,310
34,13,336
34,14,364
34,15,388
34,16,412
34,17,431
34,18,453
34,19,478
34,20,502
34,21,526
34,22,547
34,23,572
34,24,591
34,25,613
34,26,639
34,27,661
34,28,684
34,29,710
34,30,732
34,31,749
34,32,771
34,33,797
34,34,820
34,35,838
34,36,861
34,37,885
34,38,911
34,39,932
34,40,958
34,41,978
34,42,997
34,43,1018
34,44,1045
34,45,1070
34,46,1092
34,47,1111
34,48,1133
34,49,1154
34,50,1178
34,51,1196
34,52,1228
34,53,1246
34,54,1262
34,55,1287
34,56,1312
34,57,1333
34,58,1362
35,3,98
35,4,124
35,5,151
35,6,171
35,7,204
35,8,228
35,9,247
35,10,279
35,11,309
35,12,321
35,13,347
35,14,372
35,15,395
35,16,420
35,17,440
35,18,464
35,19,490
35,20,516
35,21,539
35,22,562
35,23,587
35,24,603
35,25,626
35,26,651
35,27,673
35,28,694
35,29,725
35,30,743
35,31,767
35,32,786
35,33,817
35,34,837
35,35,862
35,36,881
35,37,905
35,38,929
35,39,952
35,40,978
35,41,996
35,42,1016
35,43,1038
35,44,1067
35,45,1093
35,46,1113
35,47,1135
35,48,1158
35,49,1177
35,50,1205
35,51,1218
35,52,1251
35,53,1270
35,54,1290
35,55,1314
35,56,1335
35,57,1361
36,3,101
36,4,127
36,5,155
36,6,177
36,7,208
36,8,233
36,9,254
36,10,285
36,11,311
36,12,330
36,13,355
36,14,381
36,15,410
36,16,433
36,17,455
36,18,479
36,19,505
36,20,527
36,21,556
36,22,576
36,23,602
36,24,620
36,25,648
36,26,668
36,27,694
36,28,714
36,29,747
36,30,772
36,31,791
36,32,817
36,33,838
36,34,864
36,35,886
36,36,911
36,37,933
36,38,960
36,39,983
36,40,1007
36,41,1032
36,42,1054
36,43,1073
36,44,1102
36,45,1130
36,46,1149
36,47,1172
36,48,1193
36,49,1220
36,50,1243
36,51,1263
36,52,1285
36,53,1315
36,54,1332
36,55,1357
37,3,104
37,4,130
37,5,157
37,6,178
37,7,213
37,8,238
37,9,261
37,10,289
37,11,318
37,12,333
37,13,362
37,14,387
37,15,414
37,16,439
37,17,464
37,18,486
37,19,514
37,20,535
37,21,567
37,22,588
37,23,611
37,24,631
37,25,659
37,26,682
37,27,706
37,28,730
37,29,761
37,30,783
37,31,799
37,32,829
37,33,855
37,34,879
37,35,897
37,36,923
37,37,951
37,38,981
37,39,1002
37,40,1022
37,41,1049
37,42,1071
37,43,1089
37,44,1122
37,45,1143
37,46,1172
37,47,1191
37,48,1212
37,49,1235
37,50,1262
37,51,1287
37,52,1313
37,53,1342
37,54,1350
38,3,107
38,4,135
38,5,163
38,6,185
38,7,220
38,8,247
38,9,268
38,10,299
38,11,330
38,12,346
38,13,374
38,14,402
38,15,431
38,16,455
38,17,476
38,18,501
38,19,531
38,20,554
38,21,585
38,22,606
38,23,633
38,24,655
38,25,680
38,26,707
38,27,729
38,28,751
38,29,785
38,30,811
38,31,835
38,32,851
38,33,886
38,34,903
38,35,930
38,36,951
38,37,982
38,38,1009
38,39,1027
38,40,1054
38,41,1082
38,42,1100
38,43,1123
38,44,1156
38,45,1182
38,46,1211
38,47,1231
38,48,1254
38,49,1273
38,50,1304
38,51,1323
38,52,1354
39,3,110
39,4,137
39,5,167
39,6,190
39,7,224
39,8,251
39,9,276
39,10,308
39,11,339
39,12,353
39,13,380
39,14,411
39,15,437
39,16,465
39,17,492
39,18,515
39,19,543
39,20,569
39,21,596
39,22,622
39,23,652
39,24,662
39,25,693
39,26,720
39,27,746
39,28,772
39,29,800
39,30,828
39,31,851
39,32,873
39,33,900
39,34,928
39,35,947
39,36,974
39,37,1003
39,38,1035
39,39,1052
39,40,1079
39,41,1109
39,42,1128
39,43,1150
39,44,1183
39,45,1213
39,46,1236
39,47,1258
39,48,1277
39,49,1300
39,50,1331
39,51,1355
40,3,113
40,4,142
40,5,173
40,6,196
40,7,233
40,8,261
40,9,283
40,10,319
40,11,348
40,12,366
40,13,395
40,14,427
40,15,454
40,16,478
40,17,503
40,18,529
40,19,559
40,20,584
40,21,614
40,22,637
40,23,666
40,24,687
40,25,720
40,26,741
40,27,768
40,28,789
40,29,823
40,30,853
40,31,874
40,32,894
40,33,924
40,34,956
40,35,976
40,36,1005
40,37,1025
40,38,1061
40,39,1083
40,40,1108
40,41,1133
40,42,1158
40,43,1180
40,44,1212
40,45,1242
40,46,1269
40,47,1288
40,48,1316
40,49,1331
40,50,1367
41,3,116
41,4,144
41,5,177
41,6,199
41,7,237
41,8,265
41,9,290
41,10,325
41,11,357
41,12,371
41,13,403
41,14,434
41,15,463
41,16,489
41,17,517
41,18,539
41,19,570
41,20,596
41,21,622
41,22,653
41,23,678
41,24,699
41,25,731
41,26,760
41,27,787
41,28,809
41,29,841
41,30,874
41,31,892
41,32,913
41,33,948
41,34,976
41,35,999
41,36,1025
41,37,1047
41,38,1082
41,39,1108
41,40,1132
41,41,1162
41,42,1181
41,43,1207
41,44,1242
41,45,1270
41,46,1296
41,47,1322
41,48,1343
42,3,119
42,4,149
42,5,181
42,6,206
42,7,246
42,8,274
42,9,297
42,10,334
42,11,368
42,12,384
42,13,415
42,14,447
42,15,477
42,16,503
42,17,529
42,18,556
42,19,589
42,20,613
42,21,646
42,22,670
42,23,696
42,24,720
42,25,749
42,26,775
42,27,805
42,28,829
42,29,860
42,30,896
42,31,913
42,32,939
42,33,971
42,34,996
42,35,1020
42,36,1050
42,37,1078
42,38,1110
42,39,1133
42,40,1157
42,41,1190
42,42,1215
42,43,1238
42,44,1267
42,45,1300
42,46,1328
42,47,1349
43,3,121
43,4,151
43,5,183
43,6,207
43,7,247
43,8,277
43,9,301
43,10,337
43,11,371
43,12,388
43,13,419
43,14,450
43,15,482
43,16,511
43,17,533
43,18,563
43,19,594
43,20,623
43,21,657
43,22,683
43,23,711
43,24,732
43,25,762
43,26,790
43,27,821
43,28,844
43,29,882
43,30,908
43,31,934
43,32,959
43,33,991
43,34,1015
43,35,1044
43,36,1069
43,37,1099
43,38,1131
43,39,1154
43,40,1187
43,41,1213
43,42,1242
43,43,1262
43,44,1298
43,45,1325
43,46,1354
44,3,124
44,4,155
44,5,188
44,6,212
44,7,254
44,8,283
44,9,310
44,10,346
44,11,378
44,12,395
44,13,428
44,14,463
44,15,493
44,16,523
44,17,547
44,18,578
44,19,609
44,20,639
44,21,671
44,22,698
44,23,725
44,24,747
44,25,776
44,26,809
44,27,839
44,28,863
44,29,898
44,30,930
44,31,952
44,32,976
44,33,1011
44,34,1036
44,35,1065
44,36,1092
44,37,1124
44,38,1150
44,39,1184
44,40,1209
44,41,1237
44,42,1263
44,43,1289
44,44,1323
44,45,1357
45,3,127
45,4,158
45,5,192
45,6,218
45,7,261
45,8,289
45,9,316
45,10,353
45,11,389
45,12,406
45,13,438
45,14,471
45,15,508
45,16,535
45,17,562
45,18,592
45,19,623
45,20,652
45,21,688
45,22,714
45,23,741
45,24,769
45,25,801
45,26,829
45,27,854
45,28,879
45,29,918
45,30,952
45,31,973
45,32,1002
45,33,1035
45,34,1067
45,35,1091
45,36,1121
45,37,1149
45,38,1183
45,39,1208
45,40,1237
45,41,1269
45,42,1291
45,43,1312
45,44,1357
46,3,130
46,4,162
46,5,196
46,6,224
46,7,264
46,8,294
46,9,322
46,10,361
46,11,392
46,12,416
46,13,448
46,14,481
46,15,514
46,16,539
46,17,571
46,18,600
46,19,632
46,20,662
46,21,694
46,22,719
46,23,753
46,24,780
46,25,810
46,26,838
46,27,874
46,28,899
46,29,933
46,30,966
46,31,990
46,32,1014
46,33,1054
46,34,1083
46,35,1102
46,36,1137
46,37,1165
46,38,1198
46,39,1225
46,40,1259
46,41,1286
46,42,1314
46,43,1339
47,3,133
47,4,165
47,5,201
47,6,230
47,7,272
47,8,303
47,9,331
47,10,371
47,11,406
47,12,425
47,13,460
47,14,494
47,15,531
47,16,555
47,17,585
47,18,619
47,19,652
47,20,682
47,21,718
47,22,744
47,23,774
47,24,801
47,25,835
47,26,865
47,27,892
47,28,925
47,29,961
47,30,994
47,31,1020
47,32,1041
47,33,1083
47,34,1110
47,35,1135
47,36,1171
47,37,1201
47,38,1236
47,39,1264
47,40,1290
47,41,1326
47,42,1350
48,3,136
48,4,168
48,5,205
48,6,233
48,7,274
48,8,308
48,9,338
48,10,377
48,11,412
48,12,430
48,13,466
48,14,500
48,15,538
48,16,568
48,17,599
48,18,630
48,19,663
48,20,689
48,21,728
48,22,759
48,23,788
48,24,809
48,25,847
48,26,877
48,27,908
48,28,939
48,29,976
48,30,1009
48,31,1035
48,32,1061
48,33,1099
48,34,1130
48,35,1154
48,36,1191
48,37,1215
48,38,1256
48,39,1279
48,40,1310
48,41,1339
49,3,138
49,4,172
49,5,211
49,6,237
49,7,282
49,8,315
49,9,343
49,10,385
49,11,422
49,12,443
49,13,477
49,14,515
49,15,549
49,16,578
49,17,611
49,18,640
49,19,677
49,20,709
49,21,744
49,22,769
49,23,805
49,24,828
49,25,865
49,26,900
49,27,927
49,28,956
49,29,997
49,30,1033
49,31,1060
49,32,1084
49,33,1122
49,34,1150
49,35,1177
49,36,1207
49,37,1240
49,38,1280
49,39,1302
49,40,1337
50,3,141
50,4,175
50,5,213
50,6,241
50,7,288
50,8,321
50,9,351
50,10,392
50,11,432
50,12,450
50,13,483
50,14,524
50,15,558
50,16,589
50,17,620
50,18,655
50,19,690
50,20,721
50,21,758
50,22,793
50,23,820
50,24,844
50,25,884
50,26,909
50,27,945
50,28,977
50,29,1016
50,30,1049
50,31,1076
50,32,1099
50,33,1147
50,34,1172
50,35,1198
50,36,1234
50,37,1268
50,38,1302
50,39,1336
50,40,1363
51,3,142
51,4,178
51,5,217
51,6,244
51,7,294
51,8,328
51,9,354
51,10,398
51,11,439
51,12,454
51,13,493
51,14,532
51,15,567
51,16,602
51,17,631
51,18,661
51,19,697
51,20,729
51,21,767
51,22,801
51,23,835
51,24,859
51,25,894
51,26,925
51,27,959
51,28,992
51,29,1030
51,30,1068
51,31,1091
51,32,1123
51,33,1160
51,34,1194
51,35,1213
51,36,1252
51,37,1289
51,38,1325
51,39,1352
52,3,146
52,4,181
52,5,221
52,6,250
52,7,298
52,8,332
52,9,361
52,10,405
52,11,445
52,12,466
52,13,504
52,14,542
52,15,577
52,16,611
52,17,642
52,18,674
52,19,711
52,20,744
52,21,781
52,22,814
52,23,846
52,24,876
52,25,916
52,26,945
52,27,976
52,28,1008
52,29,1050
52,30,1084
52,31,1117
52,32,1141
52,33,1182
52,34,1216
52,35,1247
52,36,1277
52,37,1308
52,38,1348
53,3,148
53,4,185
53,5,226
53,6,253
53,7,303
53,8,339
53,9,368
53,10,415
53,11,452
53,12,468
53,13,514
53,14,551
53,15,587
53,16,623
53,17,652
53,18,685
53,19,727
53,20,759
53,21,798
53,22,829
53,23,863
53,24,886
53,25,921
53,26,964
53,27,998
53,28,1025
53,29,1067
53,30,1105
53,31,1132
53,32,1164
53,33,1205
53,34,1234
53,35,1267
53,36,1296
53,37,1334
54,3,152
54,4,188
54,5,229
54,6,262
54,7,310
54,8,346
54,9,377
54,10,422
54,11,460
54,12,484
54,13,524
54,14,561
54,15,604
54,16,636
54,17,669
54,18,701
54,19,746
54,20,771
54,21,817
54,22,843
54,23,882
54,24,911
54,25,945
54,26,980
54,27,1021
54,28,1050
54,29,1090
54,30,1134
54,31,1158
54,32,1191
54,33,1229
54,34,1261
54,35,1288
54,36,1324
54,37,1362
55,3,154
55,4,192
55,5,234
55,6,264
55,7,317
55,8,352
55,9,385
55,10,430
55,11,472
55,12,491
55,13,533
55,14,572
55,15,615
55,16,647
55,17,681
55,18,715
55,19,757
55,20,790
55,21,830
55,22,865
55,23,902
55,24,926
55,25,966
55,26,1002
55,27,1039
55,28,1064
55,29,1112
55,30,1152
55,31,1178
55,32,1209
55,33,1254
55,34,1286
55,35,1317
55,36,1349
56,3,158
56,4,196
56,5,239
56,6,271
56,7,322
56,8,357
56,9,391
56,10,439
56,11,480
56,12,502
56,13,541
56,14,581
56,15,627
56,16,656
56,17,692
56,18,729
56,19,768
56,20,802
56,21,847
56,22,877
56,23,911
56,24,942
56,25,982
56,26,1018
56,27,1051
56,28,1081
56,29,1127
56,30,1170
56,31,1199
56,32,1227
56,33,1271
56,34,1308
56,35,1337
57,3,160
57,4,200
57,5,244
57,6,274
57,7,326
57,8,364
57,9,397
57,10,447
57,11,487
57,12,510
57,13,550
57,14,591
57,15,633
57,16,667
57,17,702
57,18,739
57,19,778
57,20,818
57,21,854
57,22,889
57,23,926
57,24,956
57,25,995
57,26,1032
57,27,1067
57,28,1100
57,29,1151
57,30,1185
57,31,1214
57,32,1245
57,33,1284
57,34,1322
57,35,1354
58,3,164
58,4,204
58,5,246
58,6,279
58,7,333
58,8,373
58,9,403
58,10,451
58,11,498
58,12,519
58,13,558
58,14,603
58,15,641
58,16,679
58,17,718
58,18,752
58,19,793
58,20,830
58,21,872
58,22,909
58,23,941
58,24,977
58,25,1014
58,26,1048
58,27,1087
58,28,1125
58,29,1168
58,30,1203
58,31,1234
58,32,1267
58,33,1313
58,34,1355
59,3,166
59,4,207
59,5,252
59,6,285
59,7,339
59,8,378
59,9,412
59,10,460
59,11,505
59,12,528
59,13,569
59,14,617
59,15,653
59,16,689
59,17,729
59,18,766
59,19,811
59,20,843
59,21,888
59,22,916
59,23,960
59,24,990
59,25,1034
59,26,1071
59,27,1106
59,28,1142
59,29,1186
59,30,1226
59,31,1262
59,32,1292
59,33,1341
60,3,169
60,4,210
60,5,255
60,6,289
60,7,343
60,8,384
60,9,418
60,10,467
60,11,511
60,12,536
60,13,577
60,14,627
60,15,667
60,16,704
60,17,739
60,18,776
60,19,820
60,20,855
60,21,902
60,22,935
60,23,975
60,24,1004
60,25,1051
60,26,1082
60,27,1126
60,28,1162
60,29,1204
60,30,1248
60,31,1279
60,32,1312
60,33,1357
61,3,171
61,4,212
61,5,260
61,6,291
61,7,348
61,8,387
61,9,423
61,10,476
61,11,520
61,12,539
61,13,587
61,14,635
61,15,676
61,16,710
61,17,749
61,18,785
61,19,829
61,20,869
61,21,912
61,22,952
61,23,988
61,24,1016
61,25,1065
61,26,1102
61,27,1138
61,28,1174
61,29,1223
61,30,1268
61,31,1294
61,32,1326
62,3,175
62,4,217
62,5,263
62,6,298
62,7,354
62,8,394
62,9,432
62,10,482
62,11,529
62,12,553
62,13,594
62,14,643
62,15,689
62,16,723
62,17,760
62,18,802
62,19,845
62,20,883
62,21,931
62,22,966
62,23,1003
62,24,1037
62,25,1080
62,26,1116
62,27,1159
62,28,1194
62,29,1238
62,30,1289
62,31,1313
62,32,1349
63,3,177
63,4,220
63,5,268
63,6,303
63,7,360
63,8,401
63,9,438
63,10,492
63,11,537
63,12,562
63,13,607
63,14,651
63,15,701
63,16,737
63,17,778
63,18,815
63,19,858
63,20,900
63,21,944
63,22,981
63,23,1018
63,24,1058
63,25,1100
63,26,1137
63,27,1173
63,28,1215
63,29,1263
63,30,1309
63,31,1339
64,3,180
64,4,223
64,5,273
64,6,308
64,7,366
64,8,407
64,9,447
64,10,501
64,11,547
64,12,571
64,13,619
64,14,662
64,15,710
64,16,749
64,17,785
64,18,827
64,19,874
64,20,913
64,21,962
64,22,1001
64,23,1039
64,24,1074
64,25,1115
64,26,1158
64,27,1199
64,28,1234
64,29,1287
64,30,1329
64,31,1366
65,3,183
65,4,228
65,5,276
65,6,311
65,7,371
65,8,415
65,9,450
65,10,503
65,11,553
65,12,579
65,13,625
65,14,670
65,15,720
65,16,756
65,17,796
65,18,836
65,19,887
65,20,926
65,21,973
65,22,1006
65,23,1049
65,24,1086
65,25,1129
65,26,1170
65,27,1207
65,28,1246
65,29,1299
65,30,1346
66,3,185
66,4,232
66,5,280
66,6,316
66,7,378
66,8,422
66,9,459
66,10,514
66,11,561
66,12,587
66,13,635
66,14,682
66,15,730
66,16,769
66,17,812
66,18,851
66,19,900
66,20,937
66,21,988
66,22,1023
66,23,1072
66,24,1101
66,25,1150
66,26,1189
66,27,1231
66,28,1269
66,29,1322
66,30,1369
67,3,188
67,4,236
67,5,284
67,6,320
67,7,383
67,8,428
67,9,464
67,10,520
67,11,567
67,12,596
67,13,642
67,14,692
67,15,739
67,16,783
67,17,820
67,18,863
67,19,912
67,20,955
67,21,1001
67,22,1034
67,23,1076
67,24,1117
67,25,1164
67,26,1201
67,27,1243
67,28,1286
67,29,1338
68,3,189
68,4,239
68,5,289
68,6,325
68,7,389
68,8,435
68,9,473
68,10,529
68,11,577
68,12,607
68,13,653
68,14,704
68,15,752
68,16,796
68,17,833
68,18,880
68,19,919
68,20,968
68,21,1016
68,22,1057
68,23,1103
68,24,1139
68,25,1184
68,26,1227
68,27,1264
68,28,1311
68,29,1361
69,3,192
69,4,242
69,5,292
69,6,326
69,7,392
69,8,439
69,9,476
69,10,534
69,11,582
69,12,609
69,13,659
69,14,713
69,15,758
69,16,805
69,17,841
69,18,882
69,19,931
69,20,977
69,21,1029
69,22,1067
69,23,1110
69,24,1144
69,25,1195
69,26,1238
69,27,1280
69,28,1326
70,3,194
70,4,245
70,5,296
70,6,333
70,7,399
70,8,444
70,9,482
70,10,543
70,11,596
70,12,618
70,13,673
70,14,721
70,15,766
70,16,810
70,17,855
70,18,897
70,19,947
70,20,990
70,21,1038
70,22,1085
70,23,1123
70,24,1163
70,25,1210
70,26,1256
70,27,1296
70,28,1337
71,3,199
71,4,248
71,5,300
71,6,340
71,7,405
71,8,452
71,9,493
71,10,552
71,11,602
71,12,631
71,13,680
71,14,733
71,15,783
71,16,827
71,17,868
71,18,915
71,19,965
71,20,1004
71,21,1058
71,22,1098
71,23,1145
71,24,1183
71,25,1231
71,26,1271
71,27,1318
71,28,1363
72,3,202
72,4,251
72,5,305
72,6,346
72,7,409
72,8,456
72,9,499
72,10,559
72,11,609
72,12,639
72,13,688
72,14,741
72,15,793
72,16,837
72,17,879
72,18,928
72,19,979
72,20,1018
72,21,1071
72,22,1112
72,23,1157
72,24,1196
72,25,1247
72,26,1287
72,27,1335
73,3,205
73,4,256
73,5,310
73,6,349
73,7,415
73,8,463
73,9,506
73,10,567
73,11,617
73,12,648
73,13,698
73,14,750
73,15,807
73,16,847
73,17,891
73,18,939
73,19,991
73,20,1033
73,21,1086
73,22,1124
73,23,1174
73,24,1215
73,25,1262
73,26,1305
73,27,1351
74,3,207
74,4,259
74,5,314
74,6,352
74,7,423
74,8,469
74,9,513
74,10,573
74,11,628
74,12,653
74,13,710
74,14,761
74,15,814
74,16,858
74,17,904
74,18,950
74,19,1003
74,20,1044
74,21,1105
74,22,1143
74,23,1188
74,24,1227
74,25,1281
74,26,1328
74,27,1371
75,3,211
75,4,262
75,5,318
75,6,360
75,7,428
75,8,477
75,9,520
75,10,582
75,11,636
75,12,664
75,13,717
75,14,771
75,15,827
75,16,869
75,17,913
75,18,962
75,19,1017
75,20,1063
75,21,1120
75,22,1162
75,23,1205
75,24,1247
75,25,1296
75,26,1343
76,3,212
76,4,265
76,5,321
76,6,361
76,7,431
76,8,481
76,9,523
76,10,588
76,11,643
76,12,671
76,13,726
76,14,781
76,15,832
76,16,881
76,17,924
76,18,972
76,19,1029
76,20,1070
76,21,1129
76,22,1171
76,23,1219
76,24,1263
76,25,1308
76,26,1360
77,3,216
77,4,269
77,5,327
77,6,369
77,7,440
77,8,489
77,9,534
77,10,598
77,11,654
77,12,683
77,13,739
77,14,795
77,15,848
77,16,896
77,17,944
77,18,990
77,19,1044
77,20,1090
77,21,1149
77,22,1192
77,23,1238
77,24,1279
77,25,1329
78,3,218
78,4,273
78,5,329
78,6,371
78,7,443
78,8,495
78,9,539
78,10,605
78,11,660
78,12,691
78,13,745
78,14,803
78,15,853
78,16,903
78,17,949
78,18,1000
78,19,1059
78,20,1104
78,21,1160
78,22,1207
78,23,1254
78,24,1292
78,25,1343
79,3,221
79,4,276
79,5,333
79,6,375
79,7,449
79,8,498
79,9,544
79,10,609
79,11,663
79,12,696
79,13,754
79,14,812
79,15,869
79,16,913
79,17,961
79,18,1013
79,19,1067
79,20,1114
79,21,1172
79,22,1212
79,23,1264
79,24,1306
79,25,1364
80,3,223
80,4,280
80,5,338
80,6,380
80,7,454
80,8,505
80,9,550
80,10,618
80,11,673
80,12,705
80,13,763
80,14,823
80,15,876
80,16,924
80,17,974
80,18,1024
80,19,1078
80,20,1125
80,21,1183
80,22,1227
80,23,1277
80,24,1322
80,25,1379
81,3,227
81,4,284
81,5,343
81,6,388
81,7,460
81,8,513
81,9,558
81,10,625
81,11,682
81,12,715
81,13,773
81,14,831
81,15,888
81,16,934
81,17,985
81,18,1034
81,19,1090
81,20,1140
81,21,1203
81,22,1245
81,23,1290
81,24,1339
82,3,228
82,4,286
82,5,347
82,6,390
82,7,468
82,8,519
82,9,566
82,10,635
82,11,694
82,12,725
82,13,784
82,14,845
82,15,898
82,16,949
82,17,998
82,18,1052
82,19,1108
82,20,1155
82,21,1217
82,22,1266
82,23,1313
82,24,1358
83,3,231
83,4,288
83,5,350
83,6,394
83,7,472
83,8,523
83,9,572
83,10,641
83,11,700
83,12,731
83,13,792
83,14,850
83,15,907
83,16,957
83,17,1004
83,18,1059
83,19,1118
83,20,1166
83,21,1230
83,22,1279
83,23,1327
83,24,1370
84,3,234
84,4,292
84,5,355
84,6,399
84,7,477
84,8,529
84,9,578
84,10,651
84,11,710
84,12,739
84,13,797
84,14,860
84,15,918
84,16,969
84,17,1020
84,18,1073
84,19,1133
84,20,1183
84,21,1242
84,22,1291
84,23,1346
85,3,237
85,4,295
85,5,358
85,6,402
85,7,482
85,8,535
85,9,584
85,10,655
85,11,716
85,12,746
85,13,810
85,14,869
85,15,928
85,16,977
85,17,1030
85,18,1086
85,19,1140
85,20,1192
85,21,1255
85,22,1304
85,23,1358
86,3,240
86,4,299
86,5,363
86,6,408
86,7,488
86,8,542
86,9,591
86,10,663
86,11,725
86,12,757
86,13,822
86,14,880
86,15,941
86,16,991
86,17,1044
86,18,1100
86,19,1158
86,20,1213
86,21,1276
86,22,1323
86,23,1374
87,3,244
87,4,304
87,5,367
87,6,414
87,7,496
87,8,551
87,9,601
87,10,673
87,11,734
87,12,767
87,13,829
87,14,895
87,15,952
87,16,1006
87,17,1057
87,18,1111
87,19,1173
87,20,1224
87,21,1286
87,22,1339
88,3,246
88,4,307
88,5,370
88,6,418
88,7,499
88,8,556
88,9,606
88,10,679
88,11,737
88,12,772
88,13,837
88,14,902
88,15,962
88,16,1015
88,17,1065
88,18,1122
88,19,1185
88,20,1237
88,21,1302
88,22,1350
89,3,249
89,4,311
89,5,377
89,6,426
89,7,507
89,8,565
89,9,614
89,10,689
89,11,748
89,12,789
89,13,850
89,14,914
89,15,975
89,16,1030
89,17,1081
89,18,1139
89,19,1202
89,20,1254
89,21,1323
89,22,1363
90,3,252
90,4,314
90,5,380
90,6,429
90,7,512
90,8,569
90,9,619
90,10,695
90,11,755
90,12,794
90,13,856
90,14,922
90,15,983
90,16,1037
90,17,1090
90,18,1146
90,19,1211
90,20,1265
90,21,1332
90,22,1378
91,3,254
91,4,317
91,5,383
91,6,431
91,7,515
91,8,573
91,9,626
91,10,701
91,11,764
91,12,798
91,13,864
91,14,928
91,15,992
91,16,1044
91,17,1101
91,18,1157
91,19,1220
91,20,1276
91,21,1340
92,3,257
92,4,321
92,5,389
92,6,438
92,7,523
92,8,580
92,9,634
92,10,711
92,11,771
92,12,809
92,13,873
92,14,942
92,15,1005
92,16,1057
92,17,1113
92,18,1174
92,19,1236
92,20,1291
92,21,1357
93,3,259
93,4,323
93,5,393
93,6,442
93,7,527
93,8,586
93,9,638
93,10,717
93,11,781
93,12,817
93,13,884
93,14,952
93,15,1016
93,16,1071
93,17,1125
93,18,1185
93,19,1250
93,20,1306
93,21,1371
94,3,262
94,4,325
94,5,396
94,6,446
94,7,532
94,8,589
94,9,644
94,10,725
94,11,790
94,12,821
94,13,893
94,14,959
94,15,1029
94,16,1074
94,17,1132
94,18,1194
94,19,1259
94,20,1316
94,21,1383
95,3,264
95,4,329
95,5,398
95,6,449
95,7,538
95,8,597
95,9,650
95,10,731
95,11,798
95,12,829
95,13,902
95,14,968
95,15,1033
95,16,1088
95,17,1145
95,18,1209
95,19,1270
95,20,1327
95,21,1401
96,3,267
96,4,333
96,5,403
96,6,455
96,7,543
96,8,603
96,9,657
96,10,738
96,11,807
96,12,840
96,13,912
96,14,980
96,15,1044
96,16,1101
96,17,1160
96,18,1223
96,19,1287
96,20,1342
97,3,270
97,4,337
97,5,409
97,6,460
97,7,549
97,8,609
97,9,665
97,10,747
97,11,817
97,12,853
97,13,920
97,14,990
97,15,1057
97,16,1113
97,17,1175
97,18,1234
97,19,1301
97,20,1360
98,3,273
98,4,340
98,5,414
98,6,464
98,7,556
98,8,616
98,9,673
98,10,755
98,11,825
98,12,862
98,13,930
98,14,1002
98,15,1068
98,16,1124
98,17,1186
98,18,1246
98,19,1314
98,20,1373
99,3,276
99,4,344
99,5,417
99,6,469
99,7,562
99,8,624
99,9,677
99,10,763
99,11,831
99,12,869
99,13,938
99,14,1012
99,15,1076
99,16,1136
99,17,1192
99,18,1251
99,19,1328
99,20,1386
100,3,280
100,4,348
100,5,421
100,6,476
100,7,569
100,8,632
100,9,687
100,10,771
100,11,843
100,12,882
100,13,950
100,14,1025
100,15,1090
100,16,1150
100,17,1207
100,18,1272
100,19,1343
100,20,1405
101,3,281
101,4,351
101,5,427
101,6,478
101,7,573
101,8,635
101,9,691
101,10,779
101,11,846
101,12,882
101,13,956
101,14,1033
101,15,1096
101,16,1159
101,17,1219
101,18,1280
101,19,1346
102,3,285
102,4,354
102,5,431
102,6,484
102,7,578
102,8,642
102,9,701
102,10,785
102,11,858
102,12,893
102,13,965
102,14,1041
102,15,1108
102,16,1173
102,17,1229
102,18,1296
102,19,1359
103,3,287
103,4,357
103,5,433
103,6,488
103,7,584
103,8,647
103,9,707
103,10,791
103,11,862
103,12,902
103,13,973
103,14,1048
103,15,1118
103,16,1177
103,17,1238
103,18,1306
103,19,1373
104,3,290
104,4,361
104,5,438
104,6,493
104,7,590
104,8,653
104,9,713
104,10,801
104,11,870
104,12,912
104,13,985
104,14,1060
104,15,1129
104,16,1193
104,17,1253
104,18,1320
104,19,1390
105,3,292
105,4,365
105,5,443
105,6,498
105,7,596
105,8,660
105,9,720
105,10,810
105,11,881
105,12,921
105,13,996
105,14,1071
105,15,1140
105,16,1204
105,17,1265
105,18,1333
105,19,1405
106,3,295
106,4,367
106,5,446
106,6,501
106,7,600
106,8,665
106,9,725
106,10,815
106,11,887
106,12,925
106,13,1003
106,14,1081
106,15,1153
106,16,1213
106,17,1276
106,18,1341
107,3,298
107,4,372
107,5,451
107,6,507
107,7,607
107,8,672
107,9,733
107,10,824
107,11,898
107,12,937
107,13,1010
107,14,1093
107,15,1166
107,16,1228
107,17,1290
107,18,1354
108,3,301
108,4,375
108,5,455
108,6,513
108,7,613
108,8,678
108,9,740
108,10,832
108,11,905
108,12,947
108,13,1020
108,14,1103
108,15,1177
108,16,1237
108,17,1300
108,18,1366
109,3,304
109,4,379
109,5,460
109,6,517
109,7,620
109,8,685
109,9,745
109,10,839
109,11,917
109,12,954
109,13,1029
109,14,1113
109,15,1188
109,16,1246
109,17,1313
109,18,1378
110,3,307
110,4,382
110,5,465
110,6,522
110,7,625
110,8,691
110,9,753
110,10,846
110,11,923
110,12,962
110,13,1042
110,14,1122
110,15,1199
110,16,1258
110,17,1322
110,18,1391
111,3,309
111,4,384
111,5,464
111,6,524
111,7,626
111,8,691
111,9,757
111,10,849
111,11,923
111,12,965
111,13,1045
111,14,1122
111,15,1203
111,16,1265
111,17,1328
111,18,1401
112,3,312
112,4,388
112,5,469
112,6,529
112,7,633
112,8,699
112,9,766
112,10,858
112,11,933
112,12,975
112,13,1057
112,14,1136
112,15,1216
112,16,1278
112,17,1342
113,3,315
113,4,392
113,5,474
113,6,534
113,7,640
113,8,707
113,9,775
113,10,868
113,11,944
113,12,985
113,13,1066
113,14,1149
113,15,1229
113,16,1290
113,17,1357
114,3,317
114,4,395
114,5,481
114,6,540
114,7,645
114,8,715
114,9,778
114,10,877
114,11,954
114,12,996
114,13,1077
114,14,1161
114,15,1234
114,16,1300
114,17,1372
115,3,320
115,4,399
115,5,484
115,6,544
115,7,652
115,8,722
115,9,787
115,10,883
115,11,965
115,12,1004
115,13,1086
115,14,1172
115,15,1246
115,16,1314
115,17,1385
116,3,323
116,4,403
116,5,488
116,6,549
116,7,658
116,8,729
116,9,795
116,10,891
116,11,975
116,12,1013
116,13,1097
116,14,1184
116,15,1259
116,16,1324
116,17,1397
117,3,325
117,4,406
117,5,493
117,6,552
117,7,662
117,8,733
117,9,800
117,10,899
117,11,981
117,12,1021
117,13,1104
117,14,1190
117,15,1272
117,16,1332
117,17,1408
118,3,328
118,4,410
118,5,497
118,6,557
118,7,668
118,8,739
118,9,807
118,10,907
118,11,987
118,12,1029
118,13,1117
118,14,1202
118,15,1284
118,16,1346
119,3,332
119,4,413
119,5,501
119,6,563
119,7,673
119,8,745
119,9,815
119,10,915
119,11,995
119,12,1039
119,13,1127
119,14,1212
119,15,1294
119,16,1357
120,3,334
120,4,416
120,5,504
120,6,568
120,7,678
120,8,751
120,9,821
120,10,922
120,11,1001
120,12,1048
120,13,1136
120,14,1223
120,15,1301
120,16,1368
121,3,337
121,4,419
121,5,509
121,6,572
121,7,683
121,8,756
121,9,826
121,10,929
121,11,1008
121,12,1054
121,13,1142
121,14,1230
121,15,1308
121,16,1375
122,3,339
122,4,423
122,5,513
122,6,577
122,7,690
122,8,764
122,9,834
122,10,936
122,11,1017
122,12,1061
122,13,1151
122,14,1240
122,15,1318
122,16,1387
123,3,342
123,4,427
123,5,518
123,6,582
123,7,697
123,8,772
123,9,843
123,10,945
123,11,1028
123,12,1072
123,13,1163
123,14,1252
123,15,1333
123,16,1404
124,3,345
124,4,430
124,5,522
124,6,586
124,7,700
124,8,775
124,9,846
124,10,952
124,11,1034
124,12,1081
124,13,1164
124,14,1259
124,15,1345
124,16,1411
125,3,348
125,4,434
125,5,526
125,6,592
125,7,707
125,8,783
125,9,853
125,10,960
125,11,1043
125,12,1091
125,13,1177
125,14,1270
125,15,1356
125,16,1423
126,3,350
126,4,438
126,5,531
126,6,596
126,7,713
126,8,789
126,9,859
126,10,968
126,11,1053
126,12,1098
126,13,1188
126,14,1281
126,15,1366
127,3,352
127,4,440
127,5,534
127,6,600
127,7,718
127,8,795
127,9,866
127,10,975
127,11,1061
127,12,1106
127,13,1197
127,14,1288
127,15,1375
128,3,356
128,4,442
128,5,535
128,6,603
128,7,721
128,8,798
128,9,870
128,10,977
128,11,1068
128,12,1113
128,13,1205
128,14,1294
128,15,1381
129,3,359
129,4,446
129,5,541
129,6,608
129,7,728
129,8,805
129,9,880
129,10,987
129,11,1078
129,12,1125
129,13,1216
129,14,1307
129,15,1397
130,3,362
130,4,450
130,5,546
130,6,614
130,7,735
130,8,813
130,9,889
130,10,997
130,11,1088
130,12,1136
130,13,1227
130,14,1319
130,15,1411
131,3,364
131,4,455
131,5,549
131,6,617
131,7,740
131,8,822
131,9,893
131,10,1003
131,11,1092
131,12,1139
131,13,1235
131,14,1328
131,15,1416
132,3,367
132,4,458
132,5,553
132,6,622
132,7,746
132,8,827
132,9,900
132,10,1011
132,11,1100
132,12,1148
132,13,1242
132,14,1337
132,15,1426
133,3,370
133,4,462
133,5,559
133,6,627
133,7,753
133,8,833
133,9,908
133,10,1021
133,11,1109
133,12,1158
133,13,1253
133,14,1349
133,15,1438
134,3,373
134,4,466
134,5,564
134,6,633
134,7,759
134,8,840
134,9,916
134,10,1029
134,11,1119
134,12,1169
134,13,1266
134,14,1362
135,3,375
135,4,468
135,5,567
135,6,637
135,7,763
135,8,844
135,9,921
135,10,1035
135,11,1126
135,12,1176
135,13,1272
135,14,1370
136,3,377
136,4,472
136,5,570
136,6,640
136,7,767
136,8,851
136,9,925
136,10,1040
136,11,1129
136,12,1183
136,13,1279
136,14,1377
137,3,380
137,4,476
137,5,574
137,6,646
137,7,772
137,8,858
137,9,934
137,10,1049
137,11,1140
137,12,1193
137,13,1290
137,14,1390
138,3,383
138,4,480
138,5,578
138,6,650
138,7,778
138,8,865
138,9,941
138,10,1057
138,11,1149
138,12,1202
138,13,1298
138,14,1399
139,3,386
139,4,483
139,5,583
139,6,655
139,7,784
139,8,871
139,9,949
139,10,1065
139,11,1157
139,12,1210
139,13,1309
139,14,1410
140,3,389
140,4,485
140,5,588
140,6,660
140,7,791
140,8,874
140,9,953
140,10,1072
140,11,1166
140,12,1217
140,13,1317
140,14,1418
141,3,392
141,4,489
141,5,593
141,6,666
141,7,797
141,8,881
141,9,961
141,10,1081
141,11,1175
141,12,1227
141,13,1328
141,14,1429
142,3,396
142,4,492
142,5,596
142,6,671
142,7,800
142,8,887
142,9,969
142,10,1088
142,11,1183
142,12,1235
142,13,1335
142,14,1437
143,3,399
143,4,496
143,5,601
143,6,677
143,7,807
143,8,895
143,9,978
143,10,1098
143,11,1194
143,12,1248
143,13,1346
144,3,401
144,4,498
144,5,604
144,6,681
144,7,812
144,8,898
144,9,983
144,10,1104
144,11,1200
144,12,1254
144,13,1352
145,3,402
145,4,502
145,5,607
145,6,682
145,7,816
145,8,903
145,9,986
145,10,1108
145,11,1204
145,12,1259
145,13,1358
146,3,405
146,4,506
146,5,611
146,6,687
146,7,823
146,8,911
146,9,994
146,10,1117
146,11,1215
146,12,1269
146,13,1369
147,3,407
147,4,510
147,5,616
147,6,691
147,7,829
147,8,917
147,9,1000
147,10,1124
147,11,1221
147,12,1277
147,13,1378
148,3,410
148,4,514
148,5,621
148,6,696
148,7,836
148,8,925
148,9,1009
148,10,1134
148,11,1232
148,12,1288
148,13,1391
149,3,413
149,4,517
149,5,625
149,6,701
149,7,842
149,8,931
149,9,1015
149,10,1140
149,11,1242
149,12,1296
149,13,1402
150,3,416
150,4,519
150,5,629
150,6,706
150,7,848
150,8,934
150,9,1020
150,10,1147
150,11,1249
150,12,1302
150,13,1409
151,3,419
151,4,523
151,5,634
151,6,712
151,7,854
151,8,941
151,9,1029
151,10,1156
151,11,1259
151,12,1311
151,13,1419
152,3,422
152,4,526
152,5,638
152,6,716
152,7,858
152,8,947
152,9,1035
152,10,1162
152,11,1267
152,12,1319
152,13,1428
153,3,425
153,4,530
153,5,643
153,6,722
153,7,865
153,8,955
153,9,1044
153,10,1172
153,11,1278
153,12,1329
153,13,1441
154,3,427
154,4,532
154,5,646
154,6,726
154,7,870
154,8,960
154,9,1049
154,10,1178
154,11,1284
154,12,1335
155,3,430
155,4,537
155,5,650
155,6,727
155,7,875
155,8,966
155,9,1055
155,10,1183
155,11,1288
155,12,1342
156,3,433
156,4,541
156,5,655
156,6,732
156,7,881
156,8,973
156,9,1061
156,10,1192
156,11,1297
156,12,1350
157,3,436
157,4,545
157,5,659
157,6,738
157,7,887
157,8,981
157,9,1067
157,10,1201
157,11,1307
157,12,1361
158,3,438
158,4,548
158,5,664
158,6,742
158,7,892
158,8,987
158,9,1074
158,10,1209
158,11,1315
158,12,1368
159,3,441
159,4,552
159,5,668
159,6,748
159,7,898
159,8,994
159,9,1081
159,10,1217
159,11,1324
159,12,1379
160,3,443
160,4,554
160,5,671
160,6,752
160,7,902
160,8,997
160,9,1086
160,10,1223
160,11,1329
160,12,1385
161,3,445
161,4,556
161,5,674
161,6,755
161,7,907
161,8,1000
161,9,1091
161,10,1229
161,11,1336
161,12,1391
162,3,448
162,4,560
162,5,678
162,6,761
162,7,914
162,8,1008
162,9,1099
162,10,1237
162,11,1346
162,12,1402
163,3,451
163,4,563
163,5,683
163,6,766
163,7,919
163,8,1014
163,9,1106
163,10,1243
163,11,1354
163,12,1412
164,3,454
164,4,567
164,5,687
164,6,771
164,7,924
164,8,1020
164,9,1113
164,10,1251
164,11,1363
164,12,1421
165,3,457
165,4,570
165,5,692
165,6,776
165,7,931
165,8,1027
165,9,1122
165,10,1261
165,11,1374
165,12,1431
166,3,460
166,4,573
166,5,696
166,6,780
166,7,936
166,8,1032
166,9,1127
166,10,1267
166,11,1380
166,12,1437
167,3,463
167,4,577
167,5,698
167,6,784
167,7,940
167,8,1038
167,9,1132
167,10,1273
167,11,1386
168,3,466
168,4,581
168,5,703
168,6,789
168,7,946
168,8,1045
168,9,1140
168,10,1282
168,11,1394
169,3,469
169,4,585
169,5,708
169,6,795
169,7,953
169,8,1053
169,9,1149
169,10,1292
169,11,1404
170,3,472
170,4,588
170,5,712
170,6,799
170,7,957
170,8,1059
170,9,1155
170,10,1298
170,11,1412
171,3,475
171,4,592
171,5,717
171,6,805
171,7,964
171,8,1067
171,9,1164
171,10,1308
171,11,1423
172,3,478
172,4,596
172,5,721
172,6,810
172,7,970
172,8,1074
172,9,1171
172,10,1315
172,11,1430
173,3,481
173,4,599
173,5,724
173,6,814
173,7,976
173,8,1080
173,9,1175
173,10,1320
173,11,1437
174,3,484
174,4,602
174,5,728
174,6,819
174,7,982
174,8,1084
174,9,1181
174,10,1327
174,11,1443
175,3,487
175,4,606
175,5,733
175,6,824
175,7,988
175,8,1091
175,9,1188
175,10,1336
175,11,1452
176,3,490
176,4,610
176,5,738
176,6,830
176,7,994
176,8,1099
176,9,1196
176,10,1346
176,11,1463
177,3,492
177,4,613
177,5,742
177,6,833
177,7,998
177,8,1103
177,9,1201
177,10,1352
177,11,1467
178,3,495
178,4,617
178,5,747
178,6,839
178,7,1005
178,8,1111
178,9,1210
178,10,1362
178,11,1478
179,3,498
179,4,620
179,5,751
179,6,845
179,7,1011
179,8,1117
179,9,1217
179,10,1369
179,11,1486
180,3,500
180,4,622
180,5,753
180,6,848
180,7,1015
180,8,1120
180,9,1221
180,10,1373
180,11,1492
181,3,502
181,4,624
181,5,757
181,6,851
181,7,1019
181,8,1126
181,9,1225
181,10,1379
181,11,1499
182,3,505
182,4,628
182,5,761
182,6,856
182,7,1025
182,8,1133
182,9,1233
182,10,1386
183,3,508
183,4,632
183,5,766
183,6,862
183,7,1031
183,8,1140
183,9,1242
183,10,1396
184,3,510
184,4,635
184,5,770
184,6,865
184,7,1035
184,8,1146
184,9,1248
184,10,1404
185,3,513
185,4,639
185,5,775
185,6,870
185,7,1041
185,8,1153
185,9,1256
185,10,1413
186,3,516
186,4,643
186,5,780
186,6,875
186,7,1048
186,8,1161
186,9,1265
186,10,1423
187,3,519
187,4,647
187,5,784
187,6,880
187,7,1054
187,8,1167
187,9,1271
187,10,1431
188,3,522
188,4,649
188,5,786
188,6,885
188,7,1058
188,8,1167
188,9,1275
188,10,1434
189,3,524
189,4,652
189,5,789
189,6,888
189,7,1062
189,8,1172
189,9,1279
189,10,1439
190,3,527
190,4,656
190,5,793
190,6,892
190,7,1068
190,8,1177
190,9,1285
190,10,1446
191,3,530
191,4,660
191,5,798
191,6,897
191,7,1075
191,8,1185
191,9,1294
191,10,1455
192,3,532
192,4,664
192,5,803
192,6,902
192,7,1082
192,8,1194
192,9,1302
192,10,1463
193,3,535
193,4,668
193,5,807
193,6,906
193,7,1087
193,8,1200
193,9,1309
193,10,1470
194,3,538
194,4,672
194,5,812
194,6,912
194,7,1094
194,8,1208
194,9,1318
194,10,1480
195,3,541
195,4,675
195,5,817
195,6,917
195,7,1101
195,8,1215
195,9,1327
195,10,1490
196,3,544
196,4,678
196,5,821
196,6,921
196,7,1106
196,8,1220
196,9,1332
196,10,1496
197,3,546
197,4,681
197,5,822
197,6,925
197,7,1108
197,8,1223
197,9,1333
198,3,548
198,4,684
198,5,826
198,6,929
198,7,1113
198,8,1228
198,9,1340
199,3,551
199,4,688
199,5,831
199,6,934
199,7,1119
199,8,1235
199,9,1347
200,3,554
200,4,692
200,5,836
200,6,940
200,7,1126
200,8,1243
200,9,1357
201,3,557
201,4,695
201,5,840
201,6,945
201,7,1131
201,8,1249
201,9,1364
202,3,560
202,4,698
202,5,845
202,6,950
202,7,1136
202,8,1255
202,9,1372
203,3,563
203,4,702
203,5,850
203,6,956
203,7,1143
203,8,1263
203,9,1381
204,3,566
204,4,706
204,5,855
204,6,961
204,7,1150
204,8,1271
204,9,1390
205,3,569
205,4,709
205,5,859
205,6,966
205,7,1156
205,8,1276
205,9,1396
206,3,571
206,4,712
206,5,860
206,6,966
206,7,1159
206,8,1278
206,9,1395
207,3,574
207,4,714
207,5,863
207,6,970
207,7,1164
207,8,1282
207,9,1400
208,3,577
208,4,718
208,5,867
208,6,975
208,7,1170
208,8,1289
208,9,1406
209,3,580
209,4,722
209,5,872
209,6,980
209,7,1176
209,8,1296
209,9,1414
210,3,583
210,4,726
210,5,877
210,6,986
210,7,1182
210,8,1304
210,9,1423
211,3,586
211,4,729
211,5,881
211,6,990
211,7,1186
211,8,1310
211,9,1429
212,3,589
212,4,733
212,5,886
212,6,995
212,7,1192
212,8,1317
212,9,1437
213,3,592
213,4,737
213,5,891
213,6,1001
213,7,1199
213,8,1325
213,9,1446
214,3,595
214,4,741
214,5,896
214,6,1007
214,7,1205
214,8,1332
214,9,1454
215,3,598
215,4,744
215,5,900
215,6,1012
215,7,1212
215,8,1337
215,9,1460
216,3,600
216,4,746
216,5,903
216,6,1015
216,7,1216
216,8,1341
216,9,1464
217,3,602
217,4,748
217,5,906
217,6,1018
217,7,1220
217,8,1344
217,9,1468
218,3,605
218,4,752
218,5,910
218,6,1022
218,7,1226
218,8,1349
218,9,1474
219,3,608
219,4,756
219,5,914
219,6,1027
219,7,1232
219,8,1356
219,9,1482
220,3,611
220,4,760
220,5,919
220,6,1033
220,7,1239
220,8,1364
220,9,1491
221,3,614
221,4,764
221,5,923
221,6,1039
221,7,1246
221,8,1371
221,9,1500
222,3,616
222,4,767
222,5,927
222,6,1042
222,7,1250
222,8,1376
223,3,619
223,4,771
223,5,931
223,6,1046
223,7,1255
223,8,1382
224,3,622
224,4,775
224,5,936
224,6,1052
224,7,1262
224,8,1390
225,3,625
225,4,779
225,5,940
225,6,1057
225,7,1269
225,8,1398
226,3,628
226,4,782
226,5,944
226,6,1062
226,7,1273
226,8,1404
227,3,630
227,4,784
227,5,947
227,6,1065
227,7,1277
227,8,1407
228,3,631
228,4,787
228,5,953
228,6,1069
228,7,1281
228,8,1414
229,3,633
229,4,790
229,5,957
229,6,1072
229,7,1286
229,8,1418
230,3,636
230,4,794
230,5,961
230,6,1076
230,7,1292
230,8,1424
231,3,639
231,4,798
231,5,965
231,6,1081
231,7,1298
231,8,1431
232,3,642
232,4,802
232,5,970
232,6,1087
232,7,1305
232,8,1439
233,3,645
233,4,806
233,5,974
233,6,1093
233,7,1311
233,8,1446
234,3,647
234,4,809
234,5,978
234,6,1096
234,7,1315
234,8,1450
235,3,650
235,4,813
235,5,982
235,6,1100
235,7,1320
235,8,1456
236,3,653
236,4,817
236,5,987
236,6,1106
236,7,1327
236,8,1464
237,3,656
237,4,821
237,5,992
237,6,1112
237,7,1334
237,8,1472
238,3,659
238,4,824
238,5,996
238,6,1117
238,7,1340
238,8,1478
239,3,662
239,4,827
239,5,1000
239,6,1122
239,7,1344
239,8,1483
240,3,664
240,4,829
240,5,1002
240,6,1125
240,7,1348
240,8,1487
241,3,666
241,4,831
241,5,1006
241,6,1128
241,7,1352
241,8,1491
242,3,669
242,4,835
242,5,1009
242,6,1132
242,7,1357
242,8,1496
243,3,672
243,4,839
243,5,1013
243,6,1137
243,7,1363
244,3,675
244,4,843
244,5,1018
244,6,1143
244,7,1369
245,3,678
245,4,847
245,5,1023
245,6,1149
245,7,1376
246,3,681
246,4,851
246,5,1028
246,6,1155
246,7,1383
247,3,684
247,4,855
247,5,1033
247,6,1159
247,7,1389
248,3,687
248,4,858
248,5,1037
248,6,1163
248,7,1393
249,3,690
249,4,862
249,5,1042
249,6,1168
249,7,1399
250,3,693
250,4,866
250,5,1047
250,6,1174
250,7,1406
251,3,696
251,4,870
251,5,1051
251,6,1179
251,7,1413
252,3,699
252,4,873
252,5,1055
252,6,1184
252,7,1419
253,3,701
253,4,875
253,5,1058
253,6,1187
253,7,1424
254,3,703
254,4,877
254,5,1061
254,6,1190
254,7,1428
255,3,704
255,4,878
255,5,1062
255,6,1192
255,7,1430
256,3,707
256,4,880
256,5,1065
256,6,1196
256,7,1435
257,3,710
257,4,884
257,5,1069
257,6,1200
257,7,1441
258,3,713
258,4,888
258,5,1073
258,6,1205
258,7,1447
259,3,716
259,4,892
259,5,1078
259,6,1210
259,7,1454
260,3,719
260,4,896
260,5,1083
260,6,1216
260,7,1461
261,3,722
261,4,900
261,5,1088
261,6,1221
261,7,1466
262,3,725
262,4,904
262,5,1093
262,6,1226
262,7,1472
263,3,728
263,4,907
263,5,1097
263,6,1230
263,7,1476
264,3,731
264,4,911
264,5,1102
264,6,1236
264,7,1482
265,3,734
265,4,915
265,5,1107
265,6,1242
265,7,1489
266,3,737
266,4,919
266,5,1112
266,6,1248
266,7,1496
267,3,740
267,4,923
267,5,1116
267,6,1253
268,3,743
268,4,926
268,5,1120
268,6,1258
269,3,745
269,4,928
269,5,1123
269,6,1261
270,3,747
270,4,931
270,5,1126
270,6,1264
271,3,749
271,4,933
271,5,1129
271,6,1267
272,3,752
272,4,936
272,5,1132
272,6,1271
273,3,755
273,4,940
273,5,1136
273,6,1275
274,3,758
274,4,944
274,5,1140
274,6,1280
275,3,761
275,4,948
275,5,1145
275,6,1285
276,3,764
276,4,952
276,5,1150
276,6,1291
277,3,767
277,4,956
277,5,1154
277,6,1297
278,3,770
278,4,960
278,5,1159
278,6,1303
279,3,772
279,4,963
279,5,1163
279,6,1306
280,3,775
280,4,967
280,5,1167
280,6,1310
281,3,778
281,4,971
281,5,1172
281,6,1315
282,3,781
282,4,975
282,5,1177
282,6,1321
283,3,784
283,4,979
283,5,1182
283,6,1327
284,3,787
284,4,983
284,5,1187
284,6,1333
285,3,790
285,4,986
285,5,1191
285,6,1338
286,3,793
286,4,989
286,5,1195
286,6,1343
287,3,795
287,4,991
287,5,1198
287,6,1346
288,3,797
288,4,993
288,5,1201
288,6,1349
289,3,799
289,4,996
289,5,1205
289,6,1352
290,3,801
290,4,998
290,5,1208
290,6,1355
291,3,804
291,4,1002
291,5,1212
291,6,1359
292,3,807
292,4,1006
292,5,1216
292,6,1364
293,3,810
293,4,1010
293,5,1220
293,6,1369
294,3,813
294,4,1014
294,5,1225
294,6,1375
295,3,816
295,4,1018
295,5,1230
295,6,1381
296,3,819
296,4,1022
296,5,1235
296,6,1387
297,3,822
297,4,1026
297,5,1240
297,6,1393
298,3,825
298,4,1029
298,5,1244
298,6,1397
299,3,827
299,4,1032
299,5,1248
299,6,1400
300,3,830
300,4,1035
300,5,1252
300,6,1404
301,3,833
301,4,1039
301,5,1257
301,6,1409
302,3,836
302,4,1043
302,5,1262
302,6,1415
303,3,839
303,4,1047
303,5,1267
303,6,1421
304,3,842
304,4,1051
304,5,1271
304,6,1426
305,3,845
305,4,1055
305,5,1275
305,6,1431
306,3,848
306,4,1058
306,5,1279
306,6,1436
307,3,850
307,4,1060
307,5,1282
307,6,1439
308,3,852
308,4,1062
308,5,1285
308,6,1442
309,3,855
309,4,1066
309,5,1288
309,6,1446
310,3,857
310,4,1068
310,5,1291
310,6,1449
311,3,859
311,4,1070
311,5,1294
311,6,1452
312,3,862
312,4,1074
312,5,1298
312,6,1456
313,3,865
313,4,1078
313,5,1302
313,6,1461
314,3,868
314,4,1082
314,5,1306
314,6,1466
315,3,871
315,4,1086
315,5,1311
315,6,1471
316,3,874
316,4,1090
316,5,1316
316,6,1477
317,3,877
317,4,1094
317,5,1321
317,6,1483
318,3,880
318,4,1098
318,5,1326
318,6,1489
319,3,883
319,4,1102
319,5,1331
319,6,1495
320,3,886
320,4,1105
320,5,1335
320,6,1499
321,3,888
321,4,1108
321,5,1339
322,3,891
322,4,1111
322,5,1343
323,3,894
323,4,1115
323,5,1348
324,3,897
324,4,1119
324,5,1353
325,3,900
325,4,1123
325,5,1358
326,3,903
326,4,1127
326,5,1363
327,3,906
327,4,1131
327,5,1367
328,3,909
328,4,1134
328,5,1371
329,3,912
329,4,1137
329,5,1375
330,3,914
330,4,1139
330,5,1378
331,3,916
331,4,1141
331,5,1381
332,3,918
332,4,1143
332,5,1384
333,3,922
333,4,1148
333,5,1387
334,3,924
334,4,1150
334,5,1390
335,3,926
335,4,1153
335,5,1393
336,3,929
336,4,1157
336,5,1397
337,3,932
337,4,1161
337,5,1401
338,3,935
338,4,1165
338,5,1405
339,3,938
339,4,1169
339,5,1409
340,3,941
340,4,1173
340,5,1414
341,3,944
341,4,1177
341,5,1419
342,3,947
342,4,1181
342,5,1424
343,3,950
343,4,1185
343,5,1429
344,3,953
344,4,1189
344,5,1434
345,3,956
345,4,1193
345,5,1439
346,3,958
346,4,1196
346,5,1443
347,3,961
347,4,1199
347,5,1447
348,3,964
348,4,1202
348,5,1451
349,3,967
349,4,1206
349,5,1456
350,3,970
350,4,1210
350,5,1461
351,3,973
351,4,1214
351,5,1466
352,3,976
352,4,1218
352,5,1471
353,3,979
353,4,1222
353,5,1476
354,3,982
354,4,1226
354,5,1480
355,3,985
355,4,1229
355,5,1484
356,3,988
356,4,1232
356,5,1488
357,3,991
357,4,1235
357,5,1492
358,3,993
358,4,1237
358,5,1495
359,3,995
359,4,1239
359,5,1498
360,3,997
360,4,1241
360,5,1500
361,3,999
361,4,1243
362,3,1001
362,4,1245
363,3,1003
363,4,1247
364,3,1006
364,4,1251
365,3,1009
365,4,1255
366,3,1012
366,4,1259
367,3,1015
367,4,1263
368,3,1018
368,4,1267
369,3,1021
369,4,1271
370,3,1024
370,4,1275
371,3,1027
371,4,1279
372,3,1030
372,4,1283
373,3,1033
373,4,1287
374,3,1036
374,4,1291
375,3,1039
375,4,1295
376,3,1041
376,4,1298
377,3,1043
377,4,1301
378,3,1046
378,4,1305
379,3,1049
379,4,1309
380,3,1052
380,4,1313
381,3,1055
381,4,1317
382,3,1058
382,4,1321
383,3,1061
383,4,1325
384,3,1064
384,4,1329
385,3,1067
385,4,1333
386,3,1070
386,4,1337
387,3,1073
387,4,1340
388,3,1076
388,4,1343
389,3,1079
389,4,1346
390,3,1081
390,4,1348
391,3,1083
391,4,1350
392,3,1085
392,4,1352
393,3,1087
393,4,1355
394,3,1089
394,4,1358
395,3,1091
395,4,1360
396,3,1094
396,4,1362
397,3,1097
397,4,1365
398,3,1100
398,4,1369
399,3,1103
399,4,1373
400,3,1106
400,4,1377
401,3,1109
401,4,1381
402,3,1112
402,4,1385
403,3,1115
403,4,1389
404,3,1118
404,4,1393
405,3,1121
405,4,1397
406,3,1124
406,4,1401
407,3,1127
407,4,1405
408,3,1130
408,4,1409
409,3,1133
409,4,1413
410,3,1136
410,4,1417
411,3,1139
411,4,1421
412,3,1141
412,4,1424
413,3,1143
413,4,1427
414,3,1146
414,4,1430
415,3,1149
415,4,1434
416,3,1152
416,4,1438
417,3,1155
417,4,1442
418,3,1158
418,4,1446
419,3,1161
419,4,1450
420,3,1164
420,4,1454
421,3,1167
421,4,1458
422,3,1170
422,4,1462
423,3,1173
423,4,1466
424,3,1176
424,4,1470
425,3,1179
425,4,1473
426,3,1182
426,4,1476
427,3,1185
427,4,1479
428,3,1187
428,4,1481
429,3,1189
429,4,1483
430,3,1191
430,4,1485
431,3,1193
431,4,1487
432,3,1195
432,4,1489
433,3,1197
433,4,1492
434,3,1199
434,4,1494
435,3,1201
435,4,1496
436,3,1203
436,4,1498
437,3,1205
438,3,1208
439,3,1211
440,3,1214
441,3,1217
442,3,1220
443,3,1223
444,3,1226
445,3,1229
446,3,1232
447,3,1235
448,3,1238
449,3,1241
450,3,1244
451,3,1247
452,3,1250
453,3,1253
454,3,1256
455,3,1258
456,3,1260
457,3,1262
458,3,1265
459,3,1268
460,3,1271
461,3,1274
462,3,1277
463,3,1280
464,3,1283
465,3,1286
466,3,1289
467,3,1292
468,3,1295
469,3,1298
470,3,1301
471,3,1304
472,3,1307
473,3,1310
474,3,1313
475,3,1315
476,3,1317
477,3,1319
478,3,1321
479,3,1323
480,3,1325
481,3,1327
482,3,1329
483,3,1331
484,3,1334
485,3,1336
486,3,1339
487,3,1342
488,3,1345
489,3,1348
490,3,1351
491,3,1354
492,3,1357
493,3,1360
494,3,1363
495,3,1366
496,3,1369
497,3,1372
498,3,1375
499,3,1378
500,3,1381
501,3,1384
502,3,1387
503,3,1390
504,3,1393
505,3,1396
506,3,1399
507,3,1402
508,3,1405
509,3,1407
510,3,1409
511,3,1411
512,3,1414
513,3,1417
514,3,1420
515,3,1423
516,3,1426
517,3,1429
518,3,1432
519,3,1435
520,3,1438
521,3,1441
522,3,1444
523,3,1447
524,3,1450
525,3,1453
526,3,1456
527,3,1459
528,3,1462
529,3,1465
530,3,1468
531,3,1471
532,3,1474
533,3,1477
534,3,1479
535,3,1481
536,3,1483
537,3,1485
538,3,1487
539,3,1489
540,3,1491
541,3,1493
542,3,1495
543,3,1497
544,3,1499
